id,domain,status,purchase_price,renewal_price,attractiveness,demand,length,registrar,created_at,expires_at,status_verified_at
857ae003-05e4-42d0-ad54-12849faf213a,watersheds.zip,available,10.81,10.81,low,low,10,porkbun,,,28/09/2026 23:41
cad9e88b-532d-4658-a303-9eae91bbd158,steele.zip,premium,61.27,61.27,high,low,6,spaceship,,,28/09/2026 10:56
51b00865-4b71-41f6-8b77-ec5df117cbe1,plum.zip,premium,73.75,73.75,high,medium,4,name.com,,,12/08/2026 10:07
a0bd9510-d847-4e3d-96b3-712ae0cf8711,pronoun.zip,available,14,,high,low,7,unstoppable,,,01/10/2026 21:23
f96dfd14-e037-45f1-b8ca-f2a4d0a14978,destroys.zip,available,14,,low,low,8,unstoppable,,,29/09/2026 05:36
e2e88403-0310-4e02-9e1e-34c777fc7237,tantric.zip,available,12.98,15.88,high,low,7,namecheap,,,11/09/2026 08:05
987ddc65-820c-4964-a92c-0d93500cacab,deck.zip,premium,129.2,167.7,high,low,4,unstoppable,,,29/09/2026 13:27
06821a57-08f8-4ef0-ab49-be6fa7a35c5c,rdf.zip,premium,61.27,61.27,high,low,3,spaceship,,,02/10/2026 19:03
bc4a1bba-df0f-4bf4-8441-8fd83821fc2f,statutes.zip,available,10.81,10.81,medium,low,8,porkbun,,,30/09/2026 23:10
3612cc7a-7df4-4e05-babb-56cf52153d69,zeno.zip,premium,30.22,30.22,high,low,4,spaceship,,,30/09/2026 03:11
cdf0a397-900a-4149-a6ae-0ad043889580,legibility.zip,available,12.98,15.88,high,low,10,namecheap,,,24/09/2026 22:31
d37464d7-ce4b-4398-9a06-17ed71a798dc,wikimedia.zip,available,,,high,high,9,,,,
880d3dff-b948-4b50-8b45-1dbe8f7adea7,alfie.zip,premium,29.2,,high,low,5,unstoppable,,,02/10/2026 07:25
fc9e62ee-2ba5-4445-b798-863b4301630f,eck.zip,premium,61.27,61.27,medium,low,3,spaceship,,,02/10/2026 14:57
71c35030-410d-4dc7-8cd6-a4cc02df7459,arapahoe.zip,available,12.98,15.88,medium,low,8,namecheap,,,20/09/2026 00:11
26115e4a-2c85-4af0-947b-523d9aa34cf5,pent.zip,available,12.98,15.88,medium,low,4,namecheap,,,08/09/2026 14:42
18fbdf0b-e8a0-4c1b-a8b4-9be4735193f6,unreserved.zip,available,12.98,15.88,medium,low,10,namecheap,,,12/09/2026 18:21
e1dfb80b-f485-42e9-a24c-bba386cc9f4c,forts.zip,available,10.52,10.52,medium,low,5,spaceship,,,02/10/2026 12:53
0c1fa2cd-5c54-4b2d-9107-dc5e7f40cfa2,glare.zip,available,12.98,15.88,high,low,5,namecheap,,,24/09/2026 10:22
0fdfc33e-97fa-456e-bb86-2143edd9c605,fortemente.zip,available,12.98,15.88,medium,low,10,namecheap,,,18/08/2026 12:36
8554674c-e1bb-479f-8a1b-34186db5c6b6,krypton.zip,premium,37.7,37.7,medium,low,7,namecheap,,,20/09/2026 22:56
0836f9f7-4002-4306-b00d-1128577a91e6,gould.zip,premium,37.7,37.7,high,low,5,namecheap,,,25/09/2026 06:39
99d34ac3-8bf2-49e7-8b80-b78c5a7d8418,secrets.zip,premium,167.7,167.7,medium,low,7,namecheap,,,25/09/2026 19:59
b88bd8e1-728f-48dd-a17a-e2e616e25514,footing.zip,available,12.98,15.88,high,low,7,namecheap,,,22/09/2026 11:02
d1c46032-1f7a-4f14-b4df-4a216d028834,pulls.zip,premium,37.7,37.7,medium,low,5,namecheap,,,16/09/2026 23:15
ca04662b-e79c-443b-be30-4f9f6a540f8a,orangutan.zip,available,10.52,10.52,high,low,9,spaceship,,,30/09/2026 06:10
09f8c0cd-3e85-48d4-93b0-04182c73728c,unloved.zip,available,12.98,15.88,medium,low,7,namecheap,,,12/09/2026 15:10
97acbc21-9a26-4044-81d9-260c16d7b4e4,fragmentation.zip,available,12.98,15.88,medium,low,13,namecheap,,,02/10/2026 11:50
06ececda-afbc-497c-88a1-5b39b4854ace,nasir.zip,premium,30.22,30.22,medium,low,5,spaceship,,,30/09/2026 13:54
c08d947b-35e0-4602-ad8c-dec5f6bc1541,significant.zip,premium,30.22,30.22,high,low,11,spaceship,,,01/10/2026 01:29
4337e6f6-67c4-4c4e-a92e-a84df4588745,intriguing.zip,available,12.98,15.88,high,low,10,namecheap,,,25/09/2026 10:52
25fb5c0a-aec3-48f0-824e-eea8a84da1da,ied.zip,premium,59.2,,medium,low,3,unstoppable,,,01/10/2026 20:02
3918e806-ad81-453d-ba2e-20cdab13ebfa,intoxicated.zip,available,14,,medium,low,11,unstoppable,,,30/09/2026 03:42
9e14050b-c127-4af7-8c2e-a4e960bbc272,zambian.zip,available,12.98,15.88,high,low,7,namecheap,,,13/09/2026 15:05
a7a64154-fdc3-433d-992d-a5f847e0124e,inherited.zip,available,12.98,15.88,high,low,9,namecheap,,,18/08/2026 21:33
ddbdff02-e671-4df5-b8ac-0fcbae719617,poster.zip,premium,257.92,257.92,high,low,6,spaceship,,,29/09/2026 02:42
d659a669-aaeb-4818-a895-21f97e8cef28,fuckster.zip,available,12.98,15.88,medium,low,8,namecheap,,,02/10/2026 05:00
1a6002b0-099b-426f-83f6-234e419abfdc,chopping.zip,available,14,,high,low,8,unstoppable,,,30/09/2026 12:16
30f30fa3-2442-4601-b9d1-dd8e078f01f9,brambly.zip,available,12.98,15.88,medium,low,7,namecheap,,,11/08/2026 01:59
99353192-c87e-4762-9ddb-371ef5ffd4b6,rippled.zip,available,12.98,15.88,medium,low,7,namecheap,,,13/08/2026 06:53
567b6fa6-9d45-4214-ac4c-99cc4a5baa19,fairies.zip,premium,30.22,30.22,medium,low,7,spaceship,,,30/09/2026 06:26
21ef4a2d-9f46-4817-94e3-484b1f179924,atoms.zip,premium,167.7,167.7,medium,low,5,namecheap,,,29/09/2026 16:34
32df9c67-077d-43b0-b87b-50c4d1f00680,advantages.zip,available,12.98,15.88,medium,low,10,namecheap,,,17/09/2026 07:07
2c0768dc-4270-41a9-a241-084957e03c70,cep.zip,premium,59.2,,high,low,3,unstoppable,,,03/10/2026 02:59
48a012f3-2e44-45e4-9c4c-3484070b974a,neonate.zip,available,12.98,15.88,medium,low,7,namecheap,,,03/09/2026 16:44
cb04d0f3-9a28-4bab-bdf9-2754d03272c7,anorexia.zip,available,12.98,15.88,medium,low,8,namecheap,,,19/09/2026 11:46
b9a82073-02a1-4d52-9afe-694d3053f76f,quaintly.zip,available,12.98,15.88,medium,low,8,namecheap,,,15/09/2026 22:07
031a1caa-86b5-4209-bbdc-c2f5356c8e49,neotropical.zip,available,14,,medium,low,11,unstoppable,,,01/10/2026 05:24
3157b0a0-2efb-48b8-b27c-c267799b908c,giver.zip,premium,37.7,37.7,high,low,5,namecheap,,,23/09/2026 10:44
3cf9b397-07bf-4cb0-9712-2c94265c62e7,noaa.zip,available,10.52,10.52,high,low,4,spaceship,,,28/09/2026 02:28
ba7f4bcd-877a-4d11-88d6-d76edef6cf16,hdl.zip,premium,76.7,76.7,high,low,3,namecheap,,,18/09/2026 13:33
2c699a22-65e8-45c7-a484-12798b4c4ed1,mercuric.zip,available,12.98,15.88,medium,low,8,namecheap,,,24/08/2026 20:40
c7bfd103-a75d-4962-93a6-67146d794207,mongoloid.zip,available,12.98,15.88,medium,low,9,namecheap,,,25/08/2026 04:49
7dcc32b7-0376-4944-9a63-7160741dd10a,pistol.zip,premium,76.7,76.7,high,low,6,namecheap,,,27/09/2026 04:22
c68420da-aeff-4f4a-b092-392a06d27c03,conjoin.zip,available,12.98,15.88,high,low,7,namecheap,,,13/09/2026 09:37
fab86e47-68b5-4db2-b4cc-b144e65f1c43,ration.zip,available,10.52,10.52,high,low,6,spaceship,,,30/09/2026 02:40
d7e33808-bc01-4ae3-942d-232ca9e017b9,structures.zip,premium,76.7,76.7,medium,low,10,namecheap,,,02/10/2026 20:07
845897fb-2437-47c6-b951-e1fdd6bf8c45,ranges.zip,premium,30.22,30.22,medium,low,6,spaceship,,,01/10/2026 15:26
705642c9-e539-4b3d-8a9c-083a785f63d5,fatal.zip,premium,37.7,37.7,high,low,5,namecheap,,,23/09/2026 12:24
9a2d5792-8b9d-43e9-88bc-a97ecde1bf48,persistent.zip,available,12.98,15.88,high,low,10,namecheap,,,14/08/2026 14:58
04b49e78-6261-466c-babd-3a0d7a32b92e,vientiane.zip,available,19.99,19.99,medium,low,9,godaddy,,,01/10/2026 01:16
3775e0da-deff-469e-b086-aeb3479531dc,dietary.zip,premium,37.7,37.7,high,low,7,namecheap,,,08/09/2026 15:41
fa0006bd-f36e-4229-a86c-204295da1073,planet.zip,premium,1298.7,1298.7,high,medium,6,namecheap,,,25/09/2026 23:31
1eac1289-d166-43e8-a6c8-9a4ae6bfe293,entangle.zip,available,12.98,15.88,medium,low,8,namecheap,,,24/08/2026 16:54
d782c2c3-0aed-4f26-8e24-d2f72a4ea39e,trasimeno.zip,available,12.98,15.88,medium,low,9,namecheap,,,22/09/2026 16:12
72a9de41-a5d0-4db4-b03e-35d0fca0ade4,apologise.zip,available,10.52,10.52,high,low,9,spaceship,,,30/09/2026 15:07
e36a92ac-c70e-4cb5-bb98-18aec4d210bf,prototypic.zip,available,12.98,15.88,medium,low,10,namecheap,,,06/08/2026 15:42
f6913ce5-3bbb-45e5-b3f6-5c7c0907aad1,unspecified.zip,available,14,,medium,low,11,unstoppable,,,02/10/2026 01:19
514ff460-d571-4c68-94ea-e6b5ae534896,hedwig.zip,available,10.81,10.81,high,low,6,porkbun,,,02/10/2026 09:21
e6f9d4c3-d972-4cd6-884e-59e966b8c8f5,coop.zip,premium,311.25,311.25,high,low,5,name.com,,,13/08/2026 00:15
49a00269-a812-4f5a-8806-78e8282a8244,castle.zip,premium,323.7,323.7,high,low,6,namecheap,,,25/09/2026 04:06
daf79e0d-658f-4c4e-a217-a618ce8cb0c0,ruffled.zip,available,12.98,15.88,medium,low,7,namecheap,,,18/08/2026 15:53
e7539323-b7bd-433c-afad-6f63e59269e5,loopy.zip,available,12.98,15.88,medium,low,5,namecheap,,,06/08/2026 21:22
5d0b5bb4-78c1-45a3-b49a-57be8fb8471e,lichtenstein.zip,available,10.81,10.81,medium,low,12,porkbun,,,30/09/2026 13:33
a05f3817-586b-4d19-9152-ba9ea02e3d88,apia.zip,available,12.98,15.88,medium,low,4,namecheap,,,19/09/2026 17:18
69f02cef-95d3-4a3d-9c2a-792ba03ae47d,downfield.zip,available,12.98,15.88,medium,low,9,namecheap,,,14/08/2026 17:39
d7edf0ee-97bd-44c3-b35b-8d4d646500cb,nimble.zip,premium,37.7,37.7,high,low,6,namecheap,,,21/09/2026 23:05
94dd2332-a610-4e8f-92a5-1110bd599518,front.zip,premium,311.25,311.25,high,low,5,name.com,,,24/09/2026 21:48
aa2c5b9c-dc36-41e5-a2b8-d943d16d17bc,blankness.zip,available,12.98,15.88,medium,low,9,namecheap,,,24/09/2026 04:02
791db5ae-a363-4421-9f32-345c79d7688b,brightness.zip,available,12.98,15.88,high,low,10,namecheap,,,29/09/2026 04:19
d26bbf5a-692b-41a7-b923-3c2792212019,femur.zip,available,14,,high,low,5,unstoppable,,,01/10/2026 19:33
dcbc7fa7-28d3-4300-8f49-68b628eb014e,meekly.zip,available,12.98,15.88,medium,low,6,namecheap,,,15/09/2026 01:24
085bf3ff-dafd-46ce-8fad-0250987307a7,prostyle.zip,available,12.98,15.88,medium,low,8,namecheap,,,09/09/2026 04:01
d277d98f-db64-4fde-99da-e9827c249154,hardwood.zip,premium,59.2,,high,low,8,unstoppable,,,01/10/2026 19:56
ff3ee3ac-dd26-4a3c-9ddd-7d931689f27e,fractions.zip,available,15.88,,medium,low,9,namecheap,,,20/09/2026 01:27
743078de-94fc-4fd0-9819-b9b460f0ccda,pilgrims.zip,available,10.52,10.52,medium,low,8,spaceship,,,29/09/2026 11:05
a934ef6a-fddd-45c2-a997-5bab02d94bb8,isotopic.zip,available,12.98,15.88,medium,low,8,namecheap,,,22/08/2026 11:26
1449cbdc-b9a7-4e0d-afff-36ef7d25aeff,life.zip,premium,1298.7,1298.7,high,medium,4,namecheap,,,25/09/2026 14:06
ed33b61c-950d-4c23-8602-fddfd4cfce61,illiteracy.zip,available,12.98,15.88,medium,low,10,namecheap,,,19/09/2026 01:54
d7cebb42-d571-4ff5-b9ca-cae375c84792,shakedown.zip,available,12.98,15.88,high,low,9,namecheap,,,10/09/2026 05:40
cb2642d6-9966-4c54-9e6c-4cb40706a0f8,spaniards.zip,available,10.52,10.52,medium,low,9,spaceship,,,30/09/2026 23:47
b9241357-238f-4464-97f1-bb4b98640fa4,western.zip,premium,311.25,311.25,high,low,7,name.com,,,13/09/2026 10:56
eeafba7d-9098-49d0-9f85-b2eb6a9eb5cb,withhold.zip,available,10.52,10.52,high,low,8,spaceship,,,30/09/2026 19:13
37bf04af-1e70-4e46-9323-d2129fb0d903,measles.zip,available,10.52,10.52,medium,low,7,spaceship,,,30/09/2026 04:11
f6738cbd-0cff-417b-a84c-176c2f65e802,composing.zip,available,12.98,15.88,high,low,9,namecheap,,,24/09/2026 16:54
1a26bd20-75b8-4fd5-9023-af8d743f6ea8,linked.zip,premium,648.7,648.7,high,low,6,namecheap,,,25/09/2026 13:54
44a6bcad-ba4b-4d25-b81f-bc3d5a8e5a84,cognisance.zip,available,12.98,15.88,high,low,10,namecheap,,,21/09/2026 09:57
282d7b85-8c54-40a6-930c-0f90a5face38,assisting.zip,available,10.52,10.52,high,low,9,spaceship,,,29/09/2026 14:47
0aab04e7-6580-4bdd-b15c-a477a6269f0b,discouraged.zip,available,10.52,10.52,medium,low,11,spaceship,,,29/09/2026 14:36
d44e4c8f-9766-453a-a16c-cd16b967ab5d,panes.zip,available,10.52,10.52,medium,low,5,spaceship,,,02/10/2026 06:56
37f080fe-7b38-4be2-acab-cb5ff6b77535,metternich.zip,available,10.52,10.52,high,low,10,spaceship,,,02/10/2026 05:33
b88cfeeb-7831-41f1-8962-17a145376ac9,methodist.zip,available,12.98,15.88,high,low,9,namecheap,,,24/08/2026 21:58
f8b2e206-d976-4bd5-a275-7e877b355bdc,sallie.zip,available,10.52,10.52,medium,low,6,spaceship,,,30/09/2026 21:12
f64a9074-0638-41a9-9bb7-0ff88cd862ad,beaming.zip,available,12.98,15.88,high,low,7,namecheap,,,09/08/2026 04:03
4e98e5ff-b69f-40c6-9d48-de9c996c82a0,leadplant.zip,available,12.98,15.88,medium,low,9,namecheap,,,18/09/2026 22:45
8528be34-5e92-4834-ace9-0c6669b96103,hills.zip,premium,323.7,323.7,high,low,5,namecheap,,,17/09/2026 17:53
df1845a3-8e72-411f-8bff-5b167886b451,kinder.zip,premium,129.2,,high,medium,6,unstoppable,,,01/10/2026 11:41
1ca4953a-e92e-452a-835d-96c5ab989802,credendum.zip,available,12.98,15.88,medium,low,9,namecheap,,,20/09/2026 11:13
bc73f6c5-dab4-4b4b-b321-ee4fc8e1d376,thirdhand.zip,available,12.98,15.88,medium,low,9,namecheap,,,11/09/2026 13:59
82a588ec-0f91-4290-991e-d45c178a8280,believing.zip,available,12.98,15.88,high,low,9,namecheap,,,23/09/2026 05:15
fc6051f7-a792-4444-8605-c5b837c2b925,actionable.zip,available,12.98,15.88,high,low,10,namecheap,,,21/09/2026 16:28
621635db-c05c-4f9a-84d4-cf72fbe784c3,italian.zip,premium,311.25,311.25,high,low,7,name.com,,,22/08/2026 11:36
e0b012ee-5bb9-4e3c-9745-ea690773948f,sparkling.zip,premium,36.25,36.25,high,low,9,name.com,,,15/08/2026 14:45
6385ff2d-83ec-4a83-8cf5-4f7a3923558c,napoleon.zip,premium,30.22,30.22,medium,low,8,spaceship,,,28/09/2026 13:35
73f9358e-067d-44e8-9520-c3b3cbc77ddf,fantasy.zip,premium,323.7,323.7,high,low,7,namecheap,,,24/09/2026 16:36
f596b3b7-fa60-4c71-91eb-976cd767d690,amend.zip,available,10.52,10.52,high,low,5,spaceship,,,01/10/2026 03:26
90bd5b74-898b-412c-a373-449dc35168c0,postpone.zip,available,10.52,10.52,high,low,8,spaceship,,,29/09/2026 08:12
ea6c47b7-67e2-4c4a-ab4a-98f3e8528fb4,nist.zip,available,10.52,10.52,high,low,4,spaceship,,,29/09/2026 19:44
d4b9ba05-de00-4bda-83ff-82ce866293c6,stereo.zip,premium,323.7,323.7,high,low,6,namecheap,,,10/09/2026 20:09
f33c1a82-14cb-4845-84ad-e6c14da475a5,swapping.zip,available,10.81,10.81,high,low,8,porkbun,,,02/10/2026 07:39
51d9bfff-ff5a-4a51-b4f9-f76628a464dc,youre.zip,premium,30.22,30.22,medium,low,5,spaceship,,,02/10/2026 04:15
1905f523-bd0b-446f-8121-73ed3fc887c8,posen.zip,available,10.52,10.52,medium,low,5,spaceship,,,02/10/2026 20:05
67638de5-e8be-4c15-8b34-c90cc242bc53,until.zip,premium,141.35,141.35,medium,low,5,porkbun,,,01/10/2026 00:53
c6b62656-0c3a-46be-9f92-c8d443bfad6c,lxxx.zip,available,12.98,15.88,medium,low,4,namecheap,,,
cc5db15c-bf56-4684-864e-fe50fe9b6697,roughhewn.zip,available,12.98,15.88,high,medium,9,namecheap,,,09/09/2026 19:00
9e1657f6-db8e-47e2-af25-93a360ce72c8,wordsworth.zip,available,14,,medium,low,10,unstoppable,,,28/09/2026 15:34
b14a5e05-24ef-455f-932f-840d879aad40,manx.zip,premium,36.25,36.25,high,low,4,name.com,,,24/08/2026 15:32
4f66034f-1959-4fc8-9bd6-2d008804d7a6,sweep.zip,premium,76.7,76.7,high,low,5,namecheap,,,24/09/2026 10:48
f635cbda-a5f2-4001-86f6-40c77ecfcbcb,forrad.zip,available,12.98,15.88,medium,low,6,namecheap,,,18/08/2026 12:58
34c91934-6841-4703-9926-035ff8d34ab8,sails.zip,premium,30.22,30.22,high,low,5,spaceship,,,28/09/2026 23:18
920d8e29-4211-48bb-90a9-61fb141cb46d,ported.zip,available,12.98,15.88,high,low,6,namecheap,,,20/09/2026 15:39
06cd5823-d2e1-4551-be42-e6d8c29ba346,roi.zip,premium,133.72,133.72,high,low,3,spaceship,,,30/09/2026 10:11
960fa6f6-acbf-4b3e-b470-e4a6ba994c79,addicts.zip,available,10.81,10.81,medium,low,7,porkbun,,,01/10/2026 00:46
b19e5e70-93ff-4df5-8ffc-51ea1f3fbe5e,raisin.zip,available,14,,high,low,6,unstoppable,,,01/10/2026 21:26
d5b7a28e-bc99-47dc-84e8-5ce9a36b7a45,oversewn.zip,available,12.98,15.88,medium,low,8,namecheap,,,04/09/2026 21:48
200eadd9-a37c-404e-bfed-3d9ca30a402b,lovecraft.zip,available,14,,medium,low,9,unstoppable,,,01/10/2026 23:57
30c9feff-2810-41d9-bc1c-b96017dd6ed3,hoist.zip,premium,29.2,,high,low,5,unstoppable,,,30/09/2026 01:53
2cb8cf70-fa44-4c79-b761-13de6bb9bf94,allusive.zip,available,12.98,15.88,medium,low,8,namecheap,,,
e54f3a1f-9473-424d-976a-8b894888e15c,ignescent.zip,available,12.98,15.88,medium,low,9,namecheap,,,21/08/2026 18:22
497aefc7-0913-451a-adfa-205610a6170f,sinitic.zip,available,12.98,15.88,high,medium,7,namecheap,,,10/09/2026 08:29
dfc0bd62-920e-4692-91da-9db3bdb80267,beefsteak.zip,available,12.98,15.88,high,low,9,namecheap,,,23/09/2026 01:15
4f5fd771-2991-4393-b9ac-c1241b5f05d8,fumes.zip,available,14,,high,low,5,unstoppable,,,30/09/2026 01:34
5deaed05-ccdd-424c-adfd-41c6393ec323,ingrown.zip,available,12.98,15.88,medium,low,7,namecheap,,,22/08/2026 04:56
18d9dd6d-cb3d-483f-afde-1d3382788648,cluny.zip,available,10.52,10.52,medium,low,5,spaceship,,,02/10/2026 01:14
6b8c6361-e369-4577-8580-d430f9fcaa31,postoffice.zip,available,10.52,10.52,high,low,11,spaceship,,,03/10/2026 01:18
9b6656fb-e78f-4b5c-9731-b542ffba3999,moments.zip,premium,323.7,323.7,medium,low,7,namecheap,,,25/09/2026 20:25
ee109b2c-afc3-4f8b-a5dc-4cc8506b5025,thinner.zip,available,10.81,10.81,high,low,7,porkbun,,,29/09/2026 06:40
ee25d4e7-7f70-4e48-b9f0-2d1f5e7e6c6d,addend.zip,available,12.98,15.88,medium,low,6,namecheap,,,17/09/2026 06:41
557c3c68-e281-45f6-8810-cf9209bbac1f,ren.zip,premium,133.72,133.72,high,low,3,spaceship,,,29/09/2026 02:51
9a0769fd-515e-456f-bb5e-b05f16b29d9e,bmp.zip,premium,76.7,76.7,high,low,3,namecheap,,,02/10/2026 18:50
c1be0bdb-3e79-48dd-a20e-6a6ac67a2164,thwart.zip,available,12.98,15.88,medium,low,6,namecheap,,,09/09/2026 08:15
627a9e7e-61b8-46e7-ad0f-209056573e04,wisely.zip,available,12.98,15.88,high,low,6,namecheap,,,16/09/2026 00:29
21702826-750c-4909-adbf-bcc5ce963eac,meissner.zip,available,10.52,10.52,medium,low,8,spaceship,,,02/10/2026 15:21
6c3df7ca-7e84-4351-aace-7b275025d722,martyrs.zip,available,10.81,10.81,medium,low,7,porkbun,,,30/09/2026 15:31
087b0a23-f00d-44a3-a81b-e7477d39212d,thames.zip,premium,29.2,,high,low,6,unstoppable,,,01/10/2026 03:33
e1a6aed7-7cd2-4168-89c2-10c9ef5c0115,harrington.zip,available,12.98,15.88,high,low,10,namecheap,,,25/09/2026 12:26
06c27b4b-07ef-4010-b2e4-787cfd7f74f5,brockton.zip,available,10.52,10.52,medium,low,8,spaceship,,,30/09/2026 14:00
c211fc45-3abf-4604-a8d2-892f9dbcc88c,painterly.zip,available,12.98,15.88,medium,low,9,namecheap,,,04/09/2026 23:08
79a138f6-4746-43fd-908d-2daf9b7547d0,also.zip,premium,272.35,272.35,high,low,4,porkbun,,,28/09/2026 12:05
430512ca-b034-41b8-b64b-4cd91e9c8fa0,gjo.zip,premium,76.7,76.7,medium,low,4,namecheap,,,17/09/2026 05:37
1e98ef07-b808-4aa6-84b5-d6a1184047d7,primarily.zip,available,10.81,10.81,medium,low,9,porkbun,,,28/09/2026 13:51
94c35a33-e761-4578-91ad-8c092c0da3b1,necessities.zip,available,15.88,,medium,low,11,namecheap,,,
1b064976-f756-406f-9ccc-51de4edaa704,injurious.zip,available,12.98,15.88,medium,low,9,namecheap,,,14/08/2026 00:30
231e7103-b184-4eb5-8b52-6f92a13fe993,another.zip,premium,167.7,167.7,high,low,7,namecheap,,,01/10/2026 00:35
2247ed6e-65f5-42ce-92e2-1d0e871a81ea,penn.zip,premium,37.7,37.7,high,low,4,namecheap,,,25/09/2026 09:52
f22af9d1-03d1-415e-b8fe-e6ec85afa53f,gainfully.zip,available,12.98,15.88,medium,low,9,namecheap,,,14/09/2026 20:58
02ab7ead-c53e-473f-833e-dd93933d5442,danielle.zip,premium,61.27,61.27,medium,low,8,spaceship,,,28/09/2026 08:28
f706bcc3-79a5-4845-94d7-8d34980ff80b,nests.zip,available,10.52,10.52,medium,low,5,spaceship,,,02/10/2026 02:53
513b98fa-8f37-424a-966c-3c39f254a2e9,crm.zip,premium,129.2,,high,medium,3,unstoppable,,,01/10/2026 05:32
a3ae739a-360d-47d6-96f6-91ddd2a46c27,photographer.zip,premium,167.7,167.7,high,low,12,namecheap,,,27/09/2026 06:12
ddb89ad6-d945-4678-ad97-1eb27e424e73,colourless.zip,available,12.98,15.88,medium,low,10,namecheap,,,12/08/2026 17:55
da440ac1-8de8-47d9-b7d9-bc9de66f561d,shelvy.zip,available,12.98,15.88,high,medium,6,namecheap,,,09/09/2026 12:30
b912b273-afb5-476a-b547-ec224ad4f5a9,yea.zip,premium,76.7,76.7,high,low,3,namecheap,,,16/09/2026 11:48
69dd62b5-3c6b-4feb-9174-dbab1d220603,mare.zip,premium,133.72,133.72,high,low,4,spaceship,,,29/09/2026 12:21
d4e1cb25-43f1-4a6a-9cc3-5bd726d7bc0f,nonionic.zip,available,12.98,15.88,medium,low,8,namecheap,,,03/09/2026 19:33
e9eee0f9-e969-44fa-82ad-4a9dcabc45b7,lauderdale.zip,available,12.98,15.88,high,low,10,namecheap,,,30/09/2026 22:04
01cc6fbb-f93b-4dc7-a040-35e993fba4e5,sciolist.zip,available,12.98,15.88,medium,low,8,namecheap,,,14/08/2026 07:43
cd5aaf86-9907-4ab9-857a-84b4a5e312d2,phone.zip,premium,999.2,,high,low,5,unstoppable,,,29/09/2026 17:28
7b3511bf-e7e2-42ae-9cda-9dbec7ea3f89,parachute.zip,available,14,,high,low,9,unstoppable,,,28/09/2026 13:43
fbf2de8e-adbe-4822-94a7-51f67be78d49,tastefully.zip,available,12.98,15.88,medium,low,10,namecheap,,,16/09/2026 07:59
4474a542-5d6c-44bb-8603-4ffc96ce94f8,headaches.zip,available,10.52,10.52,low,low,9,spaceship,,,29/09/2026 06:01
3752692d-c52a-4015-8132-b74ff3ce42fb,been.zip,premium,129.2,,medium,low,4,unstoppable,,,02/10/2026 15:02
fa530ae3-407d-4692-8343-58f1310c73d8,klondike.zip,available,14,,high,low,8,unstoppable,,,30/09/2026 17:48
25459f9f-676b-4a06-a887-ac5fc73a6fba,stems.zip,premium,37.7,37.7,medium,low,5,namecheap,,,30/09/2026 05:53
33c96d56-7ccd-40c5-8021-c2391a41bf35,patterns.zip,premium,61.27,61.27,medium,low,8,spaceship,,,28/09/2026 08:39
fc8acc97-3e18-499d-92e6-4c41e74a7030,ahem.zip,available,12.98,15.88,high,low,4,namecheap,,,17/09/2026 20:20
0fa9ef85-3e62-48b8-b007-6e1706b28342,dinners.zip,available,10.52,10.52,medium,low,7,spaceship,,,29/09/2026 05:41
2dd7f369-5e62-40d5-897c-57539b8ef6aa,fiona.zip,premium,30.22,30.22,high,low,5,spaceship,,,28/09/2026 03:47
4edef659-244c-4671-a81a-0a94baf5f147,laparoscopic.zip,available,10.81,10.81,medium,low,12,porkbun,,,02/10/2026 22:19
0bb9044d-7e4a-460b-a585-c374e54c418f,midautumn.zip,available,12.98,15.88,high,low,9,namecheap,,,17/09/2026 10:02
ddb4c482-22a7-4e57-9059-be70097a3572,hereabout.zip,available,12.98,15.88,medium,low,9,namecheap,,,15/09/2026 00:18
f7a5de43-7345-4ca8-bf78-99d3f73519f3,introduction.zip,premium,30.22,30.22,high,low,12,spaceship,,,03/10/2026 00:55
8d13fc33-1ede-4c48-bb02-cb549d2a4308,precursory.zip,available,12.98,15.88,high,medium,10,namecheap,,,09/09/2026 01:20
6bec32a9-b140-4ad3-aaaf-e9caf6305060,meth.zip,premium,37.7,37.7,high,low,4,namecheap,,,24/09/2026 21:56
aec6be89-05a4-4334-b909-955771e321e4,folks.zip,premium,37.7,37.7,high,low,5,namecheap,,,24/09/2026 16:34
23550706-cd61-4386-b135-063d418f8212,toffee.zip,available,12.98,15.88,high,low,6,namecheap,,,11/08/2026 04:53
078d8bdc-170b-4838-8e6a-511a4f3953c8,gallipoli.zip,available,14,,medium,low,9,unstoppable,,,29/09/2026 22:32
c83614e7-48a9-45eb-9373-ec8380a4e80a,miranda.zip,premium,167.7,167.7,high,low,7,namecheap,,,25/09/2026 12:16
9ad42632-7b10-4300-a421-d76278a814d0,bribe.zip,available,10.52,10.52,medium,low,5,spaceship,,,28/09/2026 09:12
bdbf9b6b-3d4e-4a89-b503-7cbdf9db654a,equal.zip,premium,167.7,167.7,high,low,5,namecheap,,,21/09/2026 18:27
1fbd1696-83ff-4065-8e8f-4d2e2ebe726c,forty.zip,premium,36.25,36.25,high,low,5,name.com,,,
459ec2eb-9600-4675-88c2-f2247df0c22a,acicular.zip,available,12.98,15.88,medium,low,8,namecheap,,,
5e7e07f5-3900-435c-aec5-bd55e617ef95,bush.zip,premium,167.7,167.7,high,low,4,namecheap,,,23/09/2026 11:53
fed6833a-84af-4ed6-b5b4-b26c493b2dc1,defending.zip,available,12.98,15.88,high,low,9,namecheap,,,13/08/2026 23:13
ca13c015-fe6a-49b6-943a-24f80483cfd4,equity.zip,premium,,,high,low,6,,,,30/09/2026 01:33
1ab548f7-3638-484a-a96d-65f8ede82ea3,probably.zip,premium,37.7,37.7,high,low,8,namecheap,,,25/09/2026 13:48
443f9d92-a6a1-4ae1-8a3f-ac26292682fc,nights.zip,premium,167.7,167.7,high,low,6,namecheap,,,17/09/2026 22:10
c7a96f9e-c80e-4c75-8143-7c7187036253,lavinia.zip,available,10.52,10.52,high,low,7,spaceship,,,30/09/2026 05:09
1ad19107-3f33-48c9-91b9-a2bc3275246d,gull.zip,premium,36.25,36.25,high,low,4,name.com,,,12/08/2026 15:08
40831ac0-2236-40d5-af76-0d6486c65158,filth.zip,available,10.52,10.52,high,low,5,spaceship,,,29/09/2026 06:40
e235467b-8ee8-467d-a530-ae0d2ee58f60,baikal.zip,available,12.98,15.88,high,low,6,namecheap,,,21/09/2026 18:54
8c20acb5-ec7a-44d6-b7f6-264846c8038b,piebald.zip,available,12.98,15.88,medium,low,7,namecheap,,,03/09/2026 10:37
5eaa075c-3ea3-4430-8ea3-c54ea7306ec1,litigate.zip,available,12.98,15.88,medium,low,8,namecheap,,,17/09/2026 05:06
6a764374-0934-4375-86e0-b712b93561d1,aranea.zip,available,16.99,18.99,medium,low,6,name.com,,,20/09/2026 00:00
265530e4-2970-436c-a27c-b7ac070148f5,alessandro.zip,premium,61.27,61.27,medium,low,10,spaceship,,,28/09/2026 05:03
1aea0018-9f21-43a1-9687-4217b31b7e00,ambition.zip,available,12.98,15.88,high,low,8,namecheap,,,18/09/2026 16:53
dd1ce88b-c528-4442-917c-a301aa64bc10,adjusting.zip,available,10.52,10.52,high,low,9,spaceship,,,29/09/2026 14:33
87b97b84-bf34-400e-b08c-3db7455f004d,vaulting.zip,available,12.98,15.88,high,low,8,namecheap,,,04/09/2026 21:34
55790fa4-a2fe-4119-8a59-eb1093d142fb,hearable.zip,available,12.98,15.88,medium,low,8,namecheap,,,07/08/2026 16:35
ab42808f-9363-47b4-8b62-d8a34fb5c0ad,voracious.zip,available,12.98,15.88,medium,low,9,namecheap,,,15/08/2026 06:15
0382b375-3794-4e7d-897e-b458edf4c669,harold.zip,premium,61.27,61.27,high,low,6,spaceship,,,01/10/2026 08:34
ebad3c1b-05c8-469e-a8df-f38f883814be,loamy.zip,available,12.98,15.88,medium,low,5,namecheap,,,24/08/2026 08:15
de6aca58-8c11-4b7b-847d-0fbdc4ada40e,absence.zip,premium,59.2,,medium,low,7,unstoppable,,,28/09/2026 17:04
013289e5-7e08-4a61-93a0-0fb067dc4397,wilde.zip,available,12.98,15.88,high,low,5,namecheap,,,25/09/2026 09:39
0ec4eb78-8204-4ceb-b67f-b3ffdbfa6b96,shocked.zip,available,12.98,15.88,high,low,7,namecheap,,,
c4256f25-8b76-452b-93b0-f0232be0403a,eel.zip,premium,59.2,,high,low,3,unstoppable,,,30/09/2026 01:28
ff40401b-cf2d-425c-b112-335110a6fea6,retral.zip,available,12.98,15.88,medium,low,6,namecheap,,,09/09/2026 15:44
bfeea59a-0c88-443b-9a9c-308e60921153,spangly.zip,available,12.98,15.88,medium,low,7,namecheap,,,18/08/2026 21:20
d4affe33-3bec-403f-b7b7-46ceb6357211,lips.zip,premium,161.25,,high,low,4,name.com,,,01/10/2026 00:24
b9a8a282-9a03-4b99-93e8-9bd1fad41f71,bangles.zip,available,12.98,15.88,medium,low,7,namecheap,,,20/09/2026 19:22
0ed9f7a5-8123-4f7c-954b-53c30a4a3ec4,fortunately.zip,available,10.52,10.52,high,low,11,spaceship,,,27/09/2026 16:56
cb36a0c1-a8ef-4f7d-a974-386a819c0491,mansions.zip,available,10.81,10.81,medium,low,8,porkbun,,,01/10/2026 17:28
9d464832-f288-436a-b837-36ce74b24b78,dispenser.zip,premium,37.7,37.7,high,low,9,namecheap,,,24/09/2026 22:56
aa01a580-4578-4d60-9bc1-4c9e711f55ba,ounces.zip,available,12.98,15.88,medium,low,6,namecheap,,,16/09/2026 11:16
7b84f674-656c-48ee-aa2f-82ec1cad07a8,mvc.zip,premium,61.27,61.27,high,low,3,spaceship,,,02/10/2026 18:44
378d3146-31e0-45c6-9862-4394b279c937,clams.zip,available,12.98,15.88,high,low,5,namecheap,,,24/09/2026 06:47
54eb64e6-3929-4aa9-bad9-3e845cb1595d,kettering.zip,available,10.52,10.52,medium,low,9,spaceship,,,29/09/2026 06:20
ff8bc356-6ea0-40cf-ba79-c378cee46052,seawards.zip,available,12.98,15.88,medium,low,8,namecheap,,,10/09/2026 01:02
44cee3e9-1e90-4dce-a536-4c19b16c55d3,creative.zip,premium,133.72,133.72,high,medium,8,spaceship,,,01/10/2026 01:41
fbb52f78-05b5-4729-9980-947e2abcc4ea,unassisted.zip,available,12.98,15.88,high,medium,10,namecheap,,,10/09/2026 08:26
e094de4d-5b4e-4b84-a61d-51ae0824d4b0,playfield.zip,available,10.52,10.52,high,low,9,spaceship,,,02/10/2026 02:59
5209d9d4-2b6f-40a4-b7d9-9a125132d56f,chloroform.zip,available,10.81,10.81,high,low,10,porkbun,,,02/10/2026 04:21
8f89a0ad-d457-4f34-a893-ef1460797fff,crumbs.zip,available,10.52,10.52,high,low,6,spaceship,,,02/10/2026 17:51
a625244a-ef5c-4939-8950-763484ee1adc,hosted.zip,premium,61.27,61.27,medium,low,6,spaceship,,,02/10/2026 02:16
9b1032f7-e480-46cd-a77c-c2b8962a4b04,memoir.zip,available,14,,high,low,6,unstoppable,,,03/10/2026 01:36
6381a283-8428-40aa-bff2-07da6495f7ca,screamer.zip,available,12.98,15.88,medium,low,8,namecheap,,,22/09/2026 17:00
b96254ec-2577-4b52-acd5-a1b3bfaa79b7,accountants.zip,available,12.98,15.88,medium,low,11,namecheap,,,20/09/2026 02:26
20b7948a-4a7d-4556-80a7-14766bbb0fc9,tavares.zip,available,14,,medium,low,7,unstoppable,,,02/10/2026 20:29
8557f22e-a786-44ec-9816-969e32c67db9,actress.zip,premium,61.27,61.27,high,low,7,spaceship,,,28/09/2026 18:10
7dfc4367-ce3a-4498-b9b6-f6d6ce3e3c44,overpriced.zip,available,12.98,15.88,medium,low,10,namecheap,,,04/09/2026 21:26
a2ee85b3-328f-4b7d-a94e-03842ca0c82b,issued.zip,available,10.52,10.52,low,low,6,spaceship,,,28/09/2026 08:22
1bcc528f-866f-4a9d-8a67-bce4ecadc539,inhabitant.zip,available,12.98,15.88,high,low,10,namecheap,,,24/09/2026 21:51
5d420176-0841-4965-82c4-3a43d46151b3,gromyko.zip,available,12.98,15.88,medium,low,7,namecheap,,,19/09/2026 04:28
aeb5b763-b8ba-4e51-9310-775eece09ec3,beautiful.zip,premium,133.72,133.72,high,low,9,spaceship,,,29/09/2026 08:37
aad8eb9d-5768-418a-a6bc-67fa163bd907,ballistic.zip,available,12.98,15.88,medium,low,9,namecheap,,,08/08/2026 10:31
a2503f09-c13c-4ed5-a2ae-cb2389d6763e,punching.zip,available,10.52,10.52,medium,low,8,spaceship,,,29/09/2026 00:06
fe965e26-7e8d-4a2e-b511-d5a51410e098,dormant.zip,available,12.98,15.88,high,low,7,namecheap,,,
0b493bbf-65c2-4e62-84ef-9277167ba294,tent.zip,premium,73.75,73.75,high,low,4,name.com,,,11/08/2026 15:59
2dc45d54-320e-4c59-968d-68c99c28f50d,atavistic.zip,available,12.98,15.88,low,low,9,namecheap,,,07/08/2026 12:55
0bead257-fd7a-4aa7-a494-413eb8ee7d42,prevalent.zip,available,12.98,15.88,high,medium,9,namecheap,,,09/09/2026 01:28
17d1d46a-713e-4f72-81e4-5da23dfbb574,adoption.zip,premium,76.7,76.7,high,low,8,namecheap,,,17/09/2026 09:43
d7b9d333-1187-4442-9044-98d7dc934d21,gabby.zip,available,12.98,15.88,high,low,5,namecheap,,,12/08/2026 03:18
06ff6ac9-7cca-4346-86e8-37cd694a4ce2,jnr.zip,premium,61.27,61.27,high,low,3,spaceship,,,01/10/2026 20:09
199b2aaf-c8d9-493e-b1fa-9526f321b326,harnessed.zip,available,12.98,15.88,medium,low,9,namecheap,,,21/08/2026 01:05
2e4814e7-1187-4a9d-ade2-f5bc742734c2,homebody.zip,available,12.98,15.88,medium,low,8,namecheap,,,10/09/2026 19:28
5d9a9c70-a281-45da-918a-693c9c40c2d1,bundy.zip,available,10.52,10.52,medium,low,5,spaceship,,,28/09/2026 11:45
e0dab53a-5d4a-49b5-981b-c311a21199d3,breakthrough.zip,premium,29.2,,high,low,12,unstoppable,,,28/09/2026 07:10
c6b79639-752c-41ec-b59a-145f3e2d44ba,grouchy.zip,available,12.98,15.88,medium,low,7,namecheap,,,08/08/2026 07:52
fb0d1e9d-a3e0-4d22-a11a-ae23918aaa1a,safari.zip,premium,61.27,61.27,high,low,6,spaceship,,,29/09/2026 07:19
d0dfedb9-1acb-44ce-a9e6-aa0e7c3221f7,overbold.zip,available,12.98,15.88,medium,low,8,namecheap,,,04/09/2026 20:21
bbdf8321-16b2-4c3e-8d79-6205b5b808d2,carp.zip,premium,30.22,30.22,medium,low,4,spaceship,,,01/10/2026 18:55
79f2a3d2-313b-41ee-ae51-5d4c1b852238,bottles.zip,premium,76.7,76.7,medium,low,7,namecheap,,,18/09/2026 04:05
47dcf26d-9f62-4afe-8107-3cd081b10f51,fiesta.zip,premium,257.92,257.92,high,low,6,spaceship,,,01/10/2026 02:03
06640be4-8ede-4e2c-acad-e0340949086e,waxy.zip,available,12.98,15.88,medium,low,4,namecheap,,,09/08/2026 14:13
af3f3150-d29f-4989-9d72-6317b225fb2f,confront.zip,available,14,,medium,low,8,unstoppable,,,28/09/2026 09:44
22c4a8fb-8818-4035-8059-6424341d8030,flyer.zip,premium,311.25,311.25,high,low,5,name.com,,,11/08/2026 05:11
0fc311c3-6ec1-4967-8c88-4af76b1c21e9,campy.zip,available,12.98,15.88,medium,low,5,namecheap,,,11/08/2026 15:48
da6be851-07d1-4ec7-87ec-a28454a55cb5,flavored.zip,available,10.52,10.52,high,low,8,spaceship,,,03/10/2026 03:19
7f35ec81-22d9-4362-90ab-d3788e408dc1,overtake.zip,available,10.52,10.52,high,low,8,spaceship,,,01/10/2026 21:12
36cdc220-ac27-4a48-bb62-1c11dc90cb9d,recipe.zip,premium,1034.17,1034.17,high,low,6,spaceship,,,30/09/2026 09:18
d1888903-e27e-4522-91d5-e607875951cb,grace.zip,premium,648.7,648.7,high,medium,5,namecheap,,,24/09/2026 21:11
e65cf7fe-9316-4415-84e3-9fd031c7aae8,edit.zip,premium,516.67,516.67,high,low,4,spaceship,,,29/09/2026 02:42
14d51256-9144-4f6f-8bc5-497b2e1e0aa9,jessie.zip,premium,76.7,76.7,high,low,6,namecheap,,,25/09/2026 11:53
522ecb38-6e41-4dff-924a-09389793fac4,orton.zip,available,14,,medium,low,5,unstoppable,,,28/09/2026 08:09
1b16fa61-446e-4846-b257-c29d0a35b198,literal.zip,available,12.98,15.88,high,low,7,namecheap,,,25/09/2026 13:58
68e9aaed-bb33-4e31-be0e-df296cb31fcd,supernatural.zip,premium,30.22,30.22,high,low,12,spaceship,,,30/09/2026 23:38
19f1f5bb-00d9-4733-b61a-b17a7011f76c,jocular.zip,available,12.98,15.88,medium,low,7,namecheap,,,22/08/2026 12:57
37d8518e-dfc0-48b4-ad50-05a434aecafe,shelley.zip,available,10.52,10.52,medium,low,7,spaceship,,,28/09/2026 10:20
3eb71c3b-cc29-4d89-8a4e-f68c07cf2078,pocket.zip,premium,516.67,516.67,high,medium,6,spaceship,,,28/09/2026 19:35
3e3e8bfc-ba7e-4fcd-821a-7c36c3922251,hybrid.zip,premium,648.7,648.7,high,low,6,namecheap,,,25/09/2026 07:10
2b814595-3d04-419b-bbcf-53a733f48941,funerals.zip,available,10.52,10.52,medium,low,8,spaceship,,,29/09/2026 17:32
76b5f657-d598-4e7c-9d72-fc0bd2b0565b,aeonium.zip,available,12.98,15.88,medium,low,7,namecheap,,,17/09/2026 12:40
4eb34fb1-3ccc-4e87-bae4-4f2cec8b49c0,hominal.zip,available,12.98,15.88,medium,low,7,namecheap,,,21/08/2026 11:35
e08bd15c-b5f2-4c01-93dc-444563879ddf,billie.zip,premium,30.22,30.22,medium,low,6,spaceship,,,28/09/2026 07:55
aea67433-4b87-41f0-97df-0af21eae4644,mayonnaise.zip,available,10.52,10.52,high,low,10,spaceship,,,01/10/2026 02:59
ecd4a00f-2db9-401f-9535-5418f1dae668,highs.zip,available,10.52,10.52,medium,low,5,spaceship,,,02/10/2026 23:35
92607573-19fa-4f85-afa6-ebd7c8e38e20,sperm.zip,premium,30.22,30.22,high,low,5,spaceship,,,30/09/2026 11:38
16edcbbd-0a17-4cc7-be54-352fe8c39ea9,objected.zip,available,16.99,18.99,medium,low,8,name.com,,,18/09/2026 23:50
698f25f4-2ac5-4c86-b2e8-c734041cd1c3,smitten.zip,available,12.98,15.88,high,low,7,namecheap,,,16/08/2026 21:16
9683c57d-2e98-44f8-8c2d-f3ce0d14ecba,sigmund.zip,available,14,,medium,low,7,unstoppable,,,28/09/2026 11:40
9ba701ae-1a21-428a-88c3-b77fcb3ccdfe,sneeze.zip,available,10.52,10.52,high,low,6,spaceship,,,30/09/2026 11:17
8211e6c2-d157-437e-a2bf-534e61302c80,hobby.zip,premium,648.7,648.7,high,low,5,namecheap,,,21/09/2026 09:40
755b9420-bb80-49b1-a79f-3d54f65251c7,wastewater.zip,available,12.98,15.88,medium,low,10,namecheap,,,15/08/2026 15:34
e47afcdb-ad21-4729-87bf-d72bb9f02e72,habit.zip,premium,167.7,167.7,high,low,5,namecheap,,,25/09/2026 05:00
c2848f8f-bed2-4ed7-953f-580f98dc5d68,fishermen.zip,available,10.52,10.52,medium,low,9,spaceship,,,29/09/2026 10:38
094eb9bd-e6cc-49e4-8eaa-f3a35be1d1f1,kitchens.zip,premium,61.27,61.27,medium,low,8,spaceship,,,02/10/2026 03:24
9aec9030-b89d-46b5-a20c-0e6ef09e1863,neumann.zip,premium,37.7,37.7,high,low,7,namecheap,,,25/09/2026 23:19
ac016af7-5474-49d2-bf7b-08ea2993045e,bitis.zip,available,12.98,15.88,medium,low,5,namecheap,,,23/09/2026 22:37
ac39b8bf-ad2e-40f6-9f4a-9f651aea7859,ascendant.zip,available,12.98,15.88,high,low,9,namecheap,,,
7a90c684-24d9-489f-a476-38f94d25ea9e,heartbreak.zip,available,10.52,10.52,high,low,10,spaceship,,,30/09/2026 00:54
2068ea06-712b-4755-a278-3e5069b834e8,racing.zip,premium,516.67,516.67,high,low,6,spaceship,,,30/09/2026 09:07
0f157f92-8801-476d-b269-37f1f13b950c,nobelium.zip,available,12.98,15.88,medium,low,8,namecheap,,,20/09/2026 21:58
82c9969c-ee19-44fd-9328-58c754e66168,sensuous.zip,available,12.98,15.88,high,low,8,namecheap,,,10/09/2026 03:48
410296e8-8b22-4160-8f37-5626a73e20fb,vanishing.zip,available,14,,medium,low,9,unstoppable,,,29/09/2026 20:33
5fc882c3-0176-4879-ba06-866e9e966e40,reservation.zip,premium,76.7,76.7,high,low,11,namecheap,,,16/09/2026 11:10
0ad4f895-54b9-4eb4-99e0-3c81643bba7b,overnight.zip,premium,32.18,32.18,high,low,9,porkbun,,,02/10/2026 11:11
b2cf917f-e3d6-4b6d-a483-6da9f14463f6,crowd.zip,premium,516.67,516.67,high,low,5,spaceship,,,29/09/2026 12:13
1cbd9691-6881-4563-a072-de30101e2f74,stupe.zip,available,12.98,15.88,medium,low,5,namecheap,,,10/09/2026 23:06
a4dfed3c-47eb-4bce-947f-5e2fc9b4a907,linguist.zip,available,12.98,15.88,high,low,8,namecheap,,,08/09/2026 23:18
150b79f4-addd-4864-8dc2-a22d54241f09,unprompted.zip,available,12.98,15.88,medium,low,10,namecheap,,,21/08/2026 23:28
af93e0dd-3ee5-4a17-afec-01ded7455854,adapid.zip,available,12.98,15.88,low,low,6,namecheap,,,17/09/2026 06:24
d38cd2c9-abf9-4d2a-be6c-1ecaa0efbca9,latter.zip,premium,37.7,37.7,high,low,6,namecheap,,,25/09/2026 13:08
2fbf5a1c-2da9-4b07-8a97-2e38a9e5485f,vegetation.zip,available,10.52,10.52,high,low,10,spaceship,,,29/09/2026 11:45
d9e26e92-7449-4df7-ba22-9c099eb6d466,hunker.zip,available,12.98,15.88,medium,low,6,namecheap,,,10/09/2026 17:39
937a4d85-0861-46f3-bcef-f8379813c218,protagonist.zip,available,12.98,15.88,high,low,11,namecheap,,,01/10/2026 22:20
02d9221f-ca01-4abb-aad5-fb9509be2aac,ceremonial.zip,available,12.98,15.88,high,low,10,namecheap,,,19/09/2026 15:03
ed10dd16-78ae-4c0d-9f0f-13ea9ed7781b,arcus.zip,available,12.98,15.88,high,low,5,namecheap,,,20/09/2026 03:02
75e03eea-34b5-45ba-95cb-2b4e7c124e4a,bursting.zip,available,10.81,10.81,high,low,8,porkbun,,,30/09/2026 12:02
901251ec-1a82-4ed0-b43b-661cdcdfe7be,menstrual.zip,available,12.98,15.88,high,low,9,namecheap,,,11/08/2026 20:59
15fa5aaf-f1c5-4b9d-9bff-77af71b1762e,citified.zip,available,12.98,15.88,medium,low,8,namecheap,,,12/08/2026 08:47
26184043-b2b0-4078-b370-786a6657830c,delinquency.zip,available,10.81,10.81,medium,low,11,porkbun,,,02/10/2026 22:11
407003cc-7a44-4c75-ad53-3b14668b881d,benchley.zip,available,12.98,15.88,high,low,8,namecheap,,,23/09/2026 07:39
94616eb1-45f4-43e6-b1d8-2a9041b48f6f,peaceable.zip,available,12.98,15.88,high,low,9,namecheap,,,08/09/2026 11:08
38b1d193-ab50-4d90-9753-25439721404c,swedish.zip,premium,161.25,161.25,high,low,7,name.com,,,11/09/2026 05:29
e78957d0-1b90-4bd6-9c7f-b3e36914b55f,consistent.zip,premium,36.25,36.25,high,low,10,name.com,,,12/08/2026 16:01
c2767bfe-2e94-4bba-b7cf-51dc5a552ea3,trilogy.zip,premium,32.18,32.18,high,low,7,porkbun,,,30/09/2026 03:04
d1091997-0563-4bb7-a216-33b05077dc3f,iridium.zip,premium,37.7,37.7,high,low,7,namecheap,,,20/09/2026 23:49
96813931-a09d-4706-9c3d-a457bc3ed641,unshaved.zip,available,12.98,15.88,medium,low,8,namecheap,,,12/09/2026 19:42
36ddd2c6-22d1-4a80-ac12-ef761ff3b091,unblinking.zip,available,12.98,15.88,medium,low,10,namecheap,,,12/09/2026 02:16
e6c324f0-f164-4427-852b-8811352973ba,biologically.zip,available,10.52,10.52,medium,low,12,spaceship,,,01/10/2026 14:07
c2621745-a98f-472b-b964-a2d43a62d2b7,appliances.zip,premium,59.2,,medium,low,10,unstoppable,,,30/09/2026 14:41
a0c0f49c-59bc-4410-a0c6-9e06867b377a,eudaimonia.zip,available,12.98,15.88,high,low,10,namecheap,,,12/09/2026 23:00
9b41ad02-7046-45ca-99df-439137a44426,almost.zip,premium,167.7,167.7,high,low,6,namecheap,,,28/09/2026 11:54
82b2814c-d300-4ffb-9af0-161d0cb1767e,dom.zip,premium,133.72,133.72,high,medium,3,spaceship,,,28/09/2026 07:01
c5d792b3-5d77-48c9-8d1a-fa10e5b719e5,evangeline.zip,available,10.52,10.52,high,low,10,spaceship,,,30/09/2026 21:10
b26ac1bf-2140-4a7a-a363-859cf107f731,scanning.zip,premium,30.22,30.22,medium,low,8,spaceship,,,28/09/2026 15:18
3b7c6c85-45ad-4418-b3fd-8c67e70ac416,belvoir.zip,available,10.52,10.52,medium,low,7,spaceship,,,01/10/2026 23:55
63699b79-839f-47aa-bc9e-7801d7293301,deciders.zip,available,16.99,18.99,medium,low,8,name.com,,,20/09/2026 23:38
40022bb4-f9ea-4e29-b349-5b71106c8705,untalented.zip,available,12.98,15.88,medium,low,10,namecheap,,,11/09/2026 07:26
7d0e8883-14b8-460f-96ad-061af1bc3a70,razor.zip,premium,61.27,61.27,high,low,5,spaceship,,,30/09/2026 09:10
538d40a2-5704-4a55-9e3c-0a4f7f427918,smear.zip,available,10.52,10.52,medium,low,5,spaceship,,,29/09/2026 18:01
57f1c072-5035-4da7-8934-ee0202472bdf,tonsorial.zip,available,12.98,15.88,medium,low,9,namecheap,,,11/09/2026 17:12
12c26423-93df-4771-a4bf-2817a7701541,alarmed.zip,available,12.98,15.88,medium,low,7,namecheap,,,
64e59b2b-3f74-40be-a442-918c96741202,disruptive.zip,available,10.52,10.52,medium,low,10,spaceship,,,02/10/2026 11:08
d484212a-57ac-4b08-a77b-7ff143f8b4ff,resin.zip,premium,30.22,30.22,high,low,5,spaceship,,,01/10/2026 21:32
2352adea-f7e2-4b02-9cc3-3bb538b42c2d,uptight.zip,available,12.98,15.88,medium,low,7,namecheap,,,15/08/2026 09:30
1020d258-3196-4bcf-9a38-98fb48976222,happiness.zip,premium,499.2,,high,low,9,unstoppable,,,29/09/2026 22:08
11146ba8-7c9f-4c4f-b586-b75cb85a9fc7,kokka.zip,available,12.98,15.88,medium,low,5,namecheap,,,08/09/2026 07:02
da13cec7-cc12-4f2c-a2ec-2b241b40b671,motivation.zip,premium,76.7,76.7,high,low,10,namecheap,,,25/09/2026 21:49
82108f65-ac38-40a5-a882-31858e73261e,hearing.zip,premium,167.7,167.7,high,low,7,namecheap,,,24/09/2026 23:40
2091471f-2073-4f54-8596-1453dfa7b415,goosey.zip,available,12.98,15.88,medium,low,6,namecheap,,,14/08/2026 16:06
45584c6c-aa74-445b-b806-688513a94248,untracked.zip,available,12.98,15.88,medium,low,9,namecheap,,,08/09/2026 10:31
262ae60e-c234-4048-a89f-ff526a2997e4,meanly.zip,available,12.98,15.88,medium,low,6,namecheap,,,13/09/2026 23:32
bc930ec4-111e-45ae-84fd-905a76c6d818,manuela.zip,available,10.52,10.52,high,low,7,spaceship,,,02/10/2026 19:56
bf22ec12-57f6-4427-af27-1a37018f5b77,hockey.zip,premium,648.7,648.7,high,low,6,namecheap,,,25/09/2026 22:46
2985949e-54fa-449d-8c14-c62cc8ecef51,republic.zip,premium,167.7,167.7,high,low,8,namecheap,,,27/09/2026 15:32
fd8d7115-2e51-410d-a865-16d13204539c,arroba.zip,available,12.98,15.88,medium,low,6,namecheap,,,20/09/2026 09:18
d72bca8c-7a52-4a8e-80f7-1ce908deeec9,kneel.zip,available,10.52,10.52,high,low,5,spaceship,,,30/09/2026 10:21
65e75650-064b-406d-ab39-c34e5cec99b2,equipping.zip,available,12.98,15.88,medium,low,9,namecheap,,,20/09/2026 07:13
80eb47aa-f017-4820-a428-3a34ec6a1b04,transmitted.zip,available,12.98,15.88,medium,low,11,namecheap,,,16/09/2026 07:54
208027d6-6c21-403c-91a4-20b5c0d5ab10,binge.zip,premium,37.7,37.7,high,low,5,namecheap,,,23/09/2026 17:18
dd26151d-c5ec-4816-b561-e055eca64565,delusional.zip,available,12.98,15.88,medium,low,10,namecheap,,,14/08/2026 00:51
5b9e0cc5-20f1-4d1d-b635-237adeef013f,duet.zip,premium,61.27,61.27,high,low,4,spaceship,,,29/09/2026 18:31
7b9ef1cf-9c46-44f3-a5aa-b55495fc3a61,side.zip,premium,257.92,257.92,high,low,4,spaceship,,,27/09/2026 21:50
3838e87d-e3ff-4b4e-a6a9-4f5654e55fae,guideline.zip,premium,30.22,30.22,high,low,9,spaceship,,,02/10/2026 05:07
f9f19749-abc9-4510-9645-8701e63566b2,aquatics.zip,available,12.98,15.88,high,low,8,namecheap,,,19/09/2026 23:08
cd50edeb-f121-48f1-a5d6-36bb51d0aac3,regent.zip,premium,76.7,76.7,high,medium,6,namecheap,,,09/09/2026 12:52
db60c553-fc1e-49cb-9946-dbc60839d402,cupboard.zip,available,12.98,15.88,high,low,8,namecheap,,,24/09/2026 15:58
4a65f38c-f744-40c5-9577-1f56b19a515f,wollaston.zip,available,10.52,10.52,medium,low,9,spaceship,,,02/10/2026 17:10
9bec5403-76e2-4184-b520-6db97350aa1c,passport.zip,premium,167.7,167.7,high,low,8,namecheap,,,27/09/2026 04:57
5f4a03d5-5237-4516-a3bc-585c05e24ea3,squirrel.zip,premium,61.27,61.27,high,low,8,spaceship,,,30/09/2026 11:45
519bae11-68af-4d46-9ebe-258c02343445,brad.zip,premium,167.7,167.7,high,low,4,namecheap,,,24/09/2026 07:52
b78c14a8-840d-44b9-8cb1-fb48118ea55c,countrymen.zip,available,10.52,10.52,medium,low,10,spaceship,,,01/10/2026 16:35
73557838-9d3b-4fd1-9ef3-c52e027a979a,anticipate.zip,available,14,,high,low,10,unstoppable,,,30/09/2026 15:05
3d15ced8-8336-41e9-ae0f-a47987ed0708,winnebago.zip,available,10.81,10.81,high,low,9,porkbun,,,29/09/2026 14:09
0699d701-a4a5-44f5-a94d-471dad47dfcc,axial.zip,premium,76.7,76.7,high,low,5,namecheap,,,22/09/2026 15:33
d63b2c23-6d80-4a3a-b9d6-1709e138c4f3,duane.zip,available,10.52,10.52,medium,low,5,spaceship,,,27/09/2026 19:56
23af9db8-d19a-49cc-bb8b-67d456ce3406,penalty.zip,premium,37.7,37.7,high,low,7,namecheap,,,27/09/2026 04:58
87fd7cf9-8090-4ec1-9559-360d1d5f725c,brampton.zip,available,14,,medium,low,8,unstoppable,,,01/10/2026 11:20
65ce3936-b188-4e55-8c38-08d6ffdada44,shaken.zip,available,12.98,15.88,high,low,6,namecheap,,,10/09/2026 05:44
1672d04c-1087-4cc3-8e8b-6394d2f768d1,sausage.zip,premium,29.2,,high,low,7,unstoppable,,,30/09/2026 10:39
b829054e-74a7-4c4b-8d72-05ad691ed9cf,unnerved.zip,available,12.98,15.88,medium,low,8,namecheap,,,12/09/2026 15:54
7ab4e8c9-45a6-4d37-bff1-7a2673fc1af2,analyzing.zip,available,14,,medium,low,9,unstoppable,,,29/09/2026 10:50
0256e83b-71c5-4d8c-a502-88186ae8fdfd,decree.zip,available,14,,high,low,6,unstoppable,,,29/09/2026 18:35
b1d82720-da44-4537-9742-75c62be29059,sticky.zip,premium,311.25,311.25,high,low,6,name.com,,,16/08/2026 07:55
e5d6a0e9-3b51-4803-b49d-f5961cb336ec,hdtv.zip,premium,29.2,,high,low,4,unstoppable,,,02/10/2026 15:39
7808e73f-d14a-4bae-82f4-0dfc2036a502,billions.zip,available,14,,medium,low,8,unstoppable,,,29/09/2026 06:04
8750af4e-c717-4bba-8346-4c65ccf6c4de,seriously.zip,premium,30.22,30.22,medium,low,9,spaceship,,,28/09/2026 13:17
aec53c76-6d75-4530-93de-f8bbb932952e,nagpur.zip,available,14,,medium,low,6,unstoppable,,,01/10/2026 10:00
d884a0cc-4a1f-440c-a6fb-b7e071bf9220,distinguished.zip,available,10.52,10.52,high,low,13,spaceship,,,01/10/2026 19:21
e0a95bee-16e2-4c8c-9d26-9346de8aec48,pliability.zip,available,12.98,15.88,medium,low,10,namecheap,,,23/09/2026 07:42
27f0f0d7-3b22-430f-993e-cd02c41f4494,marv.zip,available,10.81,10.81,high,low,4,porkbun,,,02/10/2026 07:46
9746d2a4-8254-44db-b113-8abd4f7a85af,terra.zip,premium,516.67,516.67,high,medium,5,spaceship,,,03/10/2026 04:43
4369b693-37c5-46fe-8faa-a8b9749f5f5a,clouded.zip,available,12.98,15.88,medium,low,7,namecheap,,,12/08/2026 12:27
8bad5254-1f14-46be-9ce4-a4daf882a992,fetal.zip,available,12.98,15.88,high,low,5,namecheap,,,18/08/2026 02:16
c12eca7c-699a-4e8f-91c6-e4a824e572bb,treating.zip,available,10.52,10.52,high,low,8,spaceship,,,02/10/2026 12:52
fad28c31-ff47-41b3-824a-527e1011444a,romany.zip,available,12.98,15.88,high,low,6,namecheap,,,10/08/2026 17:25
34eec9c6-fdb0-4298-a810-ae9dd47e538b,greed.zip,premium,37.7,37.7,high,low,5,namecheap,,,21/09/2026 08:43
3b64bbe0-f130-4ee9-9c87-5f60f41acf65,affirmed.zip,available,16.99,18.99,high,low,8,name.com,,,17/09/2026 14:27
8ab0191d-5018-4798-8423-89a4e0cbd26c,frederick.zip,premium,61.27,61.27,high,low,9,spaceship,,,28/09/2026 01:56
f1db0943-15be-4d0d-99fc-702816f34395,impairment.zip,available,16.99,18.99,medium,low,10,name.com,,,13/08/2026 19:25
dc40e2d2-0beb-4130-91f6-8973f8b23639,titanium.zip,premium,167.7,167.7,high,low,8,namecheap,,,20/09/2026 22:34
618ba694-8cb6-492e-825d-9116d9d8a657,conducted.zip,available,15.88,,medium,low,9,namecheap,,,
207b7997-1fde-4c2b-aa41-b9495fff953e,pitched.zip,available,12.98,15.88,high,medium,7,namecheap,,,08/09/2026 20:03
d90c18d9-7ea6-40d4-b798-d0459b2276ac,snatch.zip,premium,37.7,37.7,high,low,6,namecheap,,,19/09/2026 14:54
bc8cf2d2-4983-4a74-a798-c3ccf2c54a1f,artois.zip,available,12.98,15.88,medium,low,6,namecheap,,,20/09/2026 12:02
5261b4ae-9ca8-42ba-8d1f-6a6418dba164,alca.zip,premium,36.25,36.25,high,low,4,name.com,,,18/09/2026 03:36
a37b21b6-faf6-4af1-8ee3-04ef34e483b4,variational.zip,available,10.81,10.81,high,low,11,porkbun,,,01/10/2026 06:35
18135d06-f061-4877-a8e7-ffafe2f3e6ea,hudson.zip,premium,323.7,323.7,high,medium,6,namecheap,,,27/09/2026 04:25
6c69bad5-c80d-4d15-912d-f925e5093dde,analogy.zip,available,10.52,10.52,high,low,7,spaceship,,,28/09/2026 21:11
a4ca003b-11dc-4401-9828-d299d790e487,replay.zip,premium,323.7,323.7,high,low,6,namecheap,,,17/09/2026 05:07
e9fa2783-595c-4da3-832b-32587185bbd8,gar.zip,premium,167.7,167.7,medium,low,3,namecheap,,,23/09/2026 16:11
95aa4549-531a-4647-aea5-61ab9dad5eed,goodenough.zip,available,15.88,,high,low,11,namecheap,,,
fc66fcdf-00cc-401a-9f5a-768e5a7c4d04,obvious.zip,premium,76.7,76.7,high,low,7,namecheap,,,25/09/2026 23:50
54f2fc28-5134-4ff9-9238-323b7ff692d7,flanges.zip,available,10.52,10.52,low,low,7,spaceship,,,30/09/2026 15:50
86dc67d9-3760-4f73-acc2-2a1c15dcaa5a,griffiths.zip,available,12.98,15.88,medium,low,9,namecheap,,,26/09/2026 03:40
e81c83e0-0136-4feb-a0a1-031704d13402,onshore.zip,available,12.98,15.88,high,low,7,namecheap,,,22/08/2026 06:55
d73f2256-359c-4598-8a71-371ef8037c7e,nansen.zip,available,12.98,15.88,medium,low,6,namecheap,,,02/10/2026 15:20
a924809f-23bb-43ce-bac4-7bde0924c8f7,placeable.zip,available,12.98,15.88,high,medium,9,namecheap,,,08/09/2026 20:14
f03d2306-a752-4e07-b716-9846f88c1123,grumble.zip,available,12.98,15.88,high,low,7,namecheap,,,20/08/2026 20:38
eddeb50b-e664-4ae6-9ce9-4d8f40fc91c1,carolina.zip,premium,133.72,133.72,high,low,8,spaceship,,,28/09/2026 01:35
cff250a9-530f-49ff-a1b8-68565861013e,hee.zip,premium,64.93,64.93,high,low,3,porkbun,,,29/09/2026 21:26
a1e99e04-bc51-4757-b642-b781e5984fee,profitless.zip,available,12.98,15.88,medium,low,10,namecheap,,,09/09/2026 02:50
2a54dffb-e7e0-4f9c-bab1-626368c71004,kenai.zip,available,14,,medium,low,5,unstoppable,,,03/10/2026 04:55
b6d4dcfb-f5cb-4ab5-bec4-41c27432f111,sonant.zip,available,12.98,15.88,medium,low,6,namecheap,,,10/09/2026 14:08
dff86716-74bd-4ae8-b706-dfb84313035d,vendible.zip,available,12.98,15.88,medium,low,8,namecheap,,,24/08/2026 20:32
c8b7ff6a-c900-4a69-b14e-fdc69e6ab022,liars.zip,available,10.52,10.52,medium,low,5,spaceship,,,01/10/2026 17:54
09b64f41-9222-4839-a5bc-0fcd6546f238,carefully.zip,available,14,,medium,low,9,unstoppable,,,28/09/2026 13:46
d329d45e-7d5c-4eaf-a89c-b535d5191599,swansea.zip,premium,30.22,30.22,medium,low,7,spaceship,,,28/09/2026 10:58
a817532b-80a3-4d71-b425-2ed4cd7ffbc9,hirsch.zip,premium,37.7,37.7,high,low,6,namecheap,,,27/09/2026 07:27
c7649bb1-d08f-4dbd-863a-c21b5383f0cd,barony.zip,available,12.98,15.88,medium,low,6,namecheap,,,22/09/2026 07:36
5d6c072f-3639-42a7-aa3d-59c9901fd8fb,sketch.zip,premium,,,high,low,6,,,,28/09/2026 01:36
7f813015-ecdd-4f5f-9f7a-888316015e34,intervals.zip,available,10.52,10.52,medium,low,9,spaceship,,,29/09/2026 23:54
05d53793-71d3-4195-a001-ce487a2e39f0,dutchman.zip,available,14,,high,low,8,unstoppable,,,02/10/2026 04:39
f9c01c09-4f60-4597-9a5f-ed3e1db65212,coded.zip,premium,61.27,61.27,high,low,5,spaceship,,,30/09/2026 04:05
573fbcae-e333-405c-9c7d-957ba5941afb,strawberry.zip,premium,61.27,61.27,high,low,10,spaceship,,,29/09/2026 22:40
59a10870-9094-41b2-8002-09b75f328c65,gale.zip,premium,30.22,30.22,high,low,4,spaceship,,,29/09/2026 07:02
13a45022-6819-4416-ad66-145bf8f0a9cc,commentate.zip,available,12.98,15.88,high,low,10,namecheap,,,30/09/2026 17:26
ff9e9f8f-d9c4-4af2-8e5f-42d55b84ad45,agal.zip,available,12.98,15.88,medium,low,4,namecheap,,,17/09/2026 16:00
638d7492-dc77-4288-989d-f9fe0f95b4ea,injuries.zip,available,10.52,10.52,low,low,8,spaceship,,,27/09/2026 21:38
8dbb03b5-a739-466c-ad9f-8a44cf9261aa,homesick.zip,available,12.98,15.88,medium,low,8,namecheap,,,21/08/2026 11:13
5fff05dc-16a4-488d-86ce-b7b756b54f7c,aeolus.zip,available,12.98,15.88,medium,low,6,namecheap,,,17/09/2026 12:36
074694e3-7e83-466a-b98d-c208cca36bb1,levine.zip,premium,37.7,37.7,medium,low,6,namecheap,,,25/09/2026 16:14
d20e4100-3f1f-49bf-b7d2-cb45ee0a876f,depictive.zip,available,12.98,15.88,medium,low,9,namecheap,,,14/08/2026 00:41
4e229811-c6c7-401b-ba59-b5eea0a1513d,arguments.zip,available,12.98,15.88,medium,low,9,namecheap,,,16/09/2026 05:03
936166d5-420c-44d6-83ca-0a8cc3abf73b,teasing.zip,available,16.99,18.99,high,low,7,name.com,,,22/09/2026 05:24
f4b67f09-1693-4e07-998d-b98d27d4ac6c,aphelion.zip,available,12.98,15.88,medium,low,8,namecheap,,,19/09/2026 16:55
8f542531-bdb2-4ea1-b88a-a92e486b5547,emboldened.zip,available,12.98,15.88,high,low,10,namecheap,,,16/08/2026 10:22
374f1fbe-4b2a-4951-9692-24e39b94a655,benne.zip,available,12.98,15.88,medium,low,5,namecheap,,,23/09/2026 08:27
24850422-cbcd-4363-b5e7-baffdf7d31df,quint.zip,available,12.98,15.88,medium,low,5,namecheap,,,
c829315b-d871-4b20-9627-4c617cb3dd9f,swindle.zip,available,12.98,15.88,medium,low,7,namecheap,,,14/09/2026 07:52
156ac1de-6684-441d-9682-ed405d737837,decipher.zip,available,10.52,10.52,high,low,8,spaceship,,,01/10/2026 22:11
78e88d0d-9ba8-48f3-a1eb-84f180eb6fb2,gott.zip,premium,30.22,30.22,medium,low,4,spaceship,,,30/09/2026 04:43
5dc84d37-3f25-48b5-a34c-197c7d61c414,limbo.zip,premium,29.2,,high,low,5,unstoppable,,,29/09/2026 19:33
679eab54-fb20-4e58-b33b-03c36c4acbce,conclude.zip,available,14,,high,low,8,unstoppable,,,28/09/2026 10:47
38006322-495c-4b4e-9e19-4d6d62ef9a67,corral.zip,premium,29.2,,high,low,6,unstoppable,,,02/10/2026 14:36
7e1029d1-68fc-4b9c-8a93-bc74fa42edca,caloric.zip,available,12.98,15.88,medium,low,7,namecheap,,,11/08/2026 15:07
6e0bd4bc-565c-4f4a-821b-fc178478d8dc,cuny.zip,available,14,,medium,low,4,unstoppable,,,01/10/2026 06:47
fdb90526-a033-410a-8cd4-dce1f2637b88,triggered.zip,available,10.52,10.52,medium,low,9,spaceship,,,29/09/2026 05:24
a5442503-0337-48e1-84d9-de0bb1787e02,spiteful.zip,available,12.98,15.88,medium,low,8,namecheap,,,14/08/2026 04:20
194b2cd3-6b99-4d87-a8bd-c23e3bd8c9be,windblown.zip,available,12.98,15.88,medium,low,9,namecheap,,,13/09/2026 12:08
2d594a71-1379-4c14-b4c9-f7cb45d7d9af,bey.zip,premium,76.7,76.7,medium,low,3,namecheap,,,23/09/2026 12:10
941b1c1f-ee33-4a5b-acc1-315190d351e2,postmodern.zip,available,12.98,15.88,high,low,10,namecheap,,,09/09/2026 00:29
e4379cd9-16ee-4bdf-954e-8e4b7a7d9320,mohamed.zip,premium,30.22,30.22,medium,low,7,spaceship,,,28/09/2026 04:07
9024c380-0395-4824-8e27-e7e7832f4420,modifiable.zip,available,12.98,15.88,medium,low,10,namecheap,,,25/08/2026 03:12
e315fb14-435f-46ab-9674-2e1f557ae9a6,isc.zip,premium,59.2,,high,low,3,unstoppable,,,02/10/2026 01:14
cfba27e9-0a0c-4a1b-8ca3-7aaf8dedce30,decease.zip,available,12.98,15.88,medium,low,7,namecheap,,,24/09/2026 19:36
47213303-eb4a-4a1a-86f4-4a6c3efb6ef2,choirs.zip,available,12.98,15.88,medium,low,6,namecheap,,,17/09/2026 06:51
26aa14a1-2534-428d-a980-2268ab7e230b,intertwined.zip,available,14,,high,low,11,unstoppable,,,02/10/2026 17:58
01f6d703-3660-478d-ac88-2387f2a3186e,humid.zip,available,12.98,15.88,high,low,5,namecheap,,,21/08/2026 15:17
13f227e4-1f5d-4da4-bb24-e6ef68392c01,dba.zip,premium,59.2,,high,low,3,unstoppable,,,30/09/2026 01:16
eeeeb09f-081d-43a5-b67f-34c9a1a9e3ff,lobes.zip,available,10.52,10.52,medium,low,5,spaceship,,,01/10/2026 17:10
f88f9be1-2355-4c31-b8ed-016cd1a98bb6,dedication.zip,available,12.98,15.88,high,low,10,namecheap,,,18/09/2026 10:32
396e2ae4-514c-4607-9da6-904269b866dc,apathetic.zip,available,12.98,15.88,medium,low,9,namecheap,,,05/08/2026 22:04
c13b037d-cf0d-4244-9231-18062495d73b,armoury.zip,available,12.98,15.88,high,low,7,namecheap,,,20/09/2026 07:33
889d4a7e-b802-4cbe-82cf-2cacb9ae4b84,spruce.zip,premium,73.75,73.75,high,low,6,name.com,,,13/08/2026 17:37
f20f7615-fe4a-465b-9ae6-d34b280f10e4,falter.zip,available,12.98,15.88,high,low,6,namecheap,,,17/08/2026 21:39
9a814509-dbc0-4716-abdc-3bb2e6f124ba,yesteryear.zip,available,12.98,15.88,high,low,10,namecheap,,,08/09/2026 10:02
b5de4ec7-b3ce-48e8-a673-074314dbc3c7,eng.zip,premium,272.35,272.35,high,low,3,porkbun,,,02/10/2026 06:49
ace4841d-c409-48dd-b4c9-b7551f256598,confidence.zip,premium,37.7,37.7,high,low,10,namecheap,,,20/09/2026 16:46
78a31c0c-8736-4f50-9bce-066d87be976a,leaf.zip,premium,249.2,,high,low,4,unstoppable,,,29/09/2026 19:38
21067636-ac7e-44aa-be2d-56151d43b595,turnout.zip,available,10.52,10.52,high,low,8,spaceship,,,03/10/2026 01:28
0beb9cc8-30c8-4f80-882f-1b2680033d5e,guevara.zip,available,10.52,10.52,medium,low,7,spaceship,,,29/09/2026 11:54
4147d1ab-97bb-4776-89bc-cf0ff81abb22,celebrating.zip,available,12.98,15.88,high,low,11,namecheap,,,27/09/2026 06:50
e082abdc-d446-4854-8f56-754dcb9d8820,rocklike.zip,available,12.98,15.88,medium,low,8,namecheap,,,20/08/2026 18:00
20fa2d47-1a2f-477e-bcfb-a93a8d9024ea,sworn.zip,available,12.98,15.88,high,low,5,namecheap,,,27/09/2026 04:14
74a988a8-45c4-49eb-aff7-97ab3ab11a59,snare.zip,available,10.52,10.52,high,low,5,spaceship,,,01/10/2026 03:08
0501065c-fb71-4d03-9500-66fd4d940d70,parched.zip,available,12.98,15.88,medium,low,7,namecheap,,,
99fd6fb7-636e-44f2-8bc4-cfbebc1e2644,redhead.zip,premium,76.7,76.7,high,low,7,namecheap,,,21/09/2026 10:48
effab337-89c1-4c33-abd0-f5264696c0d0,harding.zip,available,10.52,10.52,medium,low,7,spaceship,,,28/09/2026 19:24
8106dfbb-5ac5-42b5-999d-8364e4ec70bf,incredible.zip,premium,76.7,76.7,high,low,10,namecheap,,,25/09/2026 09:04
06fffb99-63b6-4020-a7de-6d7c51820f07,montmorency.zip,available,12.98,15.88,medium,low,11,namecheap,,,02/10/2026 01:08
5b89e206-3128-4570-afda-89cf7ef379ff,thankfully.zip,available,16.99,18.99,high,low,10,name.com,,,16/09/2026 08:28
29421349-b87b-4736-a639-cda48b0d1157,willingness.zip,available,12.98,15.88,high,low,11,namecheap,,,02/10/2026 23:20
0ef6b7ca-aaa4-4858-a2b8-998e36a55dd4,rectangle.zip,available,10.52,10.52,medium,low,9,spaceship,,,02/10/2026 21:37
30d6c497-c669-4dd0-bfa5-659b024d67f5,lot.zip,premium,648.7,648.7,high,low,3,namecheap,,,25/09/2026 20:36
b3ff7a54-7092-40f9-80be-6849aa38dc7b,xxxi.zip,available,12.98,15.88,medium,low,4,namecheap,,,
e35d67b5-af1a-4fc2-9ec9-fdcc6260c01f,fulminant.zip,available,12.98,15.88,medium,low,9,namecheap,,,18/08/2026 18:18
627c2d09-7863-4506-a446-74303e713aa1,inspire.zip,premium,323.7,323.7,high,medium,7,namecheap,,,22/09/2026 04:50
2a4f5afa-643b-4f33-b256-e2b055202c78,drearily.zip,available,12.98,15.88,medium,low,8,namecheap,,,14/09/2026 13:12
85cb0cbd-a362-4652-ad42-fe88a592f6b1,flowers.zip,premium,257.92,257.92,high,medium,7,spaceship,,,02/10/2026 13:54
0b5bd79b-afb1-4de7-b5ad-32c7fd94b481,exhaustive.zip,available,12.98,15.88,medium,low,10,namecheap,,,17/08/2026 17:08
ea705997-3495-4d2c-864b-ba1b23d7e2df,killers.zip,available,12.98,15.88,medium,low,7,namecheap,,,27/09/2026 11:04
ab19b6fd-fe26-4417-aa1a-4ee2bed61155,valve.zip,premium,167.7,167.7,high,low,5,namecheap,,,28/09/2026 11:02
cd0c7e93-dc3d-489e-bba0-d639d0363e81,malefic.zip,available,12.98,15.88,medium,low,7,namecheap,,,24/08/2026 13:50
64b6cc9a-aaf6-437a-8e5e-53e8d45c86c4,newscast.zip,available,10.52,10.52,high,low,8,spaceship,,,02/10/2026 16:11
3dadfca3-8218-435f-9306-0c01c359d634,crusted.zip,available,12.98,15.88,medium,low,7,namecheap,,,13/08/2026 09:22
97e3913e-3b39-41d3-97c7-d3b021851176,tubes.zip,premium,167.7,167.7,medium,low,5,namecheap,,,20/09/2026 00:50
2a95683b-9ad8-4ec2-ad8f-2280bf896dde,deane.zip,available,10.52,10.52,medium,low,5,spaceship,,,28/09/2026 12:11
3d3c94a4-9031-4f55-8ee7-17c324b3f33d,eleven.zip,premium,323.7,323.7,high,low,6,namecheap,,,21/09/2026 11:20
af4663e6-69c4-4d66-96d5-b7a843cc072a,furness.zip,available,12.98,15.88,medium,low,7,namecheap,,,30/09/2026 05:24
37fabf7f-79b7-4cd7-8222-236059a2e153,petitioner.zip,available,12.98,15.88,medium,low,10,namecheap,,,11/09/2026 03:30
ff14699c-4684-4da2-846d-120e5398cad5,inge.zip,available,12.98,15.88,high,low,4,namecheap,,,30/09/2026 09:55
767fef0f-4a64-4e98-87ef-d5b234edead8,bottoms.zip,available,12.98,15.88,medium,low,7,namecheap,,,20/09/2026 18:24
b7b5619b-7c36-413b-acfe-353bd42609b9,oder.zip,premium,29.2,,medium,low,4,unstoppable,,,28/09/2026 20:01
69cd4be0-181c-4377-97e4-5e91092f6534,resilient.zip,premium,36.25,36.25,high,low,9,name.com,,,10/08/2026 21:47
22d07dd3-dc1d-4f6c-be48-18be197d5e86,steep.zip,premium,36.25,36.25,high,low,5,name.com,,,17/08/2026 17:40
46dbe202-66b2-4e0a-b75b-537ebdd312d1,yokel.zip,available,12.98,15.88,medium,low,5,namecheap,,,21/08/2026 08:01
aa1bcaeb-560a-4b28-870c-11cd7a093398,fermented.zip,available,10.52,10.52,medium,low,9,spaceship,,,03/10/2026 02:54
733cae9c-a90d-4a50-87a1-cf0ba739ad6c,premature.zip,available,12.98,15.88,high,medium,9,namecheap,,,09/09/2026 01:39
5ffa5fda-a6f7-47f5-942a-a27f5d86e1cc,uncrossed.zip,available,12.98,15.88,medium,low,9,namecheap,,,12/09/2026 06:33
eb908988-5dc8-4924-a956-a5fafc2536c1,greens.zip,premium,129.2,,high,low,6,unstoppable,,,29/09/2026 21:34
84d9a2f3-36ed-42a0-8e55-e7a87f1d8d67,analyzable.zip,available,12.98,15.88,medium,low,10,namecheap,,,
822cc825-e39e-4075-902b-d85582654d94,asha.zip,premium,61.27,61.27,high,low,4,spaceship,,,30/09/2026 04:47
3d7ab0b1-9c77-48a3-9394-8c3901d89a04,absolutely.zip,premium,29.2,,high,low,10,unstoppable,,,28/09/2026 11:36
3a11a944-d175-42eb-8337-5cfbc604761f,noiseless.zip,available,12.98,15.88,medium,low,9,namecheap,,,03/09/2026 18:13
d23362af-f6b0-4af6-a558-1d7108e8785a,industrialist.zip,available,10.81,10.81,medium,low,13,porkbun,,,02/10/2026 07:31
4b323394-0482-4c22-8271-6dc5e2fe8198,percipient.zip,available,12.98,15.88,high,low,10,namecheap,,,08/09/2026 16:17
f7d36b1c-3b31-40cc-9c72-4ffd2b732d35,wrongful.zip,available,10.81,10.81,medium,low,8,porkbun,,,28/09/2026 11:11
cc0e082b-0175-4237-8660-aec3c1a91f31,transcripts.zip,available,10.52,10.52,high,low,11,spaceship,,,30/09/2026 16:19
36b6335f-8a80-4fce-a5cd-cef8a36e15c1,neighboring.zip,available,10.52,10.52,high,low,11,spaceship,,,03/10/2026 00:51
7e4bcb16-c2ac-410d-92a3-8ec360ee9326,sweetest.zip,available,12.98,15.88,medium,low,8,namecheap,,,30/09/2026 15:05
36f08305-01ce-4fe7-8c00-a4f0e8fcf616,prophetic.zip,available,12.98,15.88,high,low,9,namecheap,,,09/09/2026 03:36
ebf894f2-31f3-42ab-834f-a824225aab3c,newsstand.zip,available,16.99,18.99,medium,low,10,name.com,,,17/09/2026 05:46
37d1c60e-c188-4701-a97d-2a73cf1fa437,dall.zip,available,14,,medium,low,4,unstoppable,,,01/10/2026 05:50
31af99ac-5337-4946-9eac-68a42c72b7bf,honourable.zip,available,12.98,15.88,high,low,10,namecheap,,,21/08/2026 13:34
f7f86639-b23f-468c-a0b4-a094428d8853,renunciant.zip,available,12.98,15.88,medium,low,10,namecheap,,,09/09/2026 14:23
a13df7d3-3812-40e4-bba0-e55d3c67021b,thawed.zip,available,12.98,15.88,medium,low,6,namecheap,,,11/09/2026 12:31
5e25efe4-11b6-400e-8c62-657b67c912d8,snobbish.zip,available,12.98,15.88,medium,low,8,namecheap,,,12/08/2026 11:21
1e74779d-676b-4f72-bd46-cad3408e4ad6,cuts.zip,premium,76.7,76.7,high,low,4,namecheap,,,19/09/2026 00:14
9b3e3d70-06cb-4e73-9fea-ad7e7627c1bf,faultless.zip,available,12.98,15.88,high,low,9,namecheap,,,18/08/2026 00:05
dbdbbbae-9212-4674-85b7-89680c4ba957,audiences.zip,available,12.98,15.88,medium,low,9,namecheap,,,29/09/2026 11:20
8815928c-c374-4cbd-8671-23987d685b22,inviolable.zip,available,12.98,15.88,medium,low,10,namecheap,,,21/08/2026 23:02
6571ce12-06c6-4697-ad68-2ba9586b4001,reedlike.zip,available,12.98,15.88,high,medium,8,namecheap,,,09/09/2026 12:27
04c39c68-b605-4d31-8f50-08e4ad16f734,jillian.zip,available,10.52,10.52,high,low,7,spaceship,,,02/10/2026 09:14
5ce8a3de-52ee-4f9a-aa44-e8b8c39e0253,felicia.zip,available,10.52,10.52,high,low,7,spaceship,,,29/09/2026 18:52
35dc8efd-cca1-456f-903d-bb210ebaef06,inscribe.zip,available,12.98,15.88,high,low,8,namecheap,,,21/09/2026 06:39
440d1284-f0f6-4026-8da7-3a0f3f893acf,macleod.zip,available,14,,medium,low,7,unstoppable,,,28/09/2026 02:12
5229e534-476b-42e3-ad5c-b14662f05fe3,snicker.zip,available,10.52,10.52,medium,low,7,spaceship,,,30/09/2026 11:19
8d03e02a-0fcc-4fd2-a102-65e1f2e70ed8,questioner.zip,available,12.98,15.88,medium,low,10,namecheap,,,20/09/2026 14:25
f74e8aea-edd7-48a7-b7ae-2fd6e2477176,prentiss.zip,available,10.52,10.52,medium,low,8,spaceship,,,30/09/2026 22:09
18f994e4-c300-4c84-9604-b8e775041003,prepared.zip,premium,76.7,76.7,high,low,8,namecheap,,,24/09/2026 11:20
76c30738-de4a-4a01-b067-e0f7241f7dda,altace.zip,available,12.98,15.88,medium,low,6,namecheap,,,18/09/2026 14:31
fb01ee9c-ca24-41b0-8099-a861810fdc60,randomized.zip,available,12.98,15.88,high,medium,10,namecheap,,,09/09/2026 10:14
4af45764-5e26-4bb6-8bff-9656ec0e0ea0,mmr.zip,premium,61.27,61.27,high,low,3,spaceship,,,02/10/2026 03:24
defdc43c-653e-4022-91e8-e98f6d3a8bf1,blooming.zip,premium,36.25,36.25,high,low,8,name.com,,,10/08/2026 15:27
95f1392b-2399-4e52-a2e4-0541bfe4bae3,gideon.zip,available,10.52,10.52,high,low,6,spaceship,,,28/09/2026 16:03
84f3c377-5a1a-416b-8112-84fae05fa4c8,calendric.zip,available,12.98,15.88,medium,low,9,namecheap,,,11/08/2026 14:14
534bbfae-9e29-476e-8952-0ec27c7874be,ungodly.zip,available,12.98,15.88,medium,low,7,namecheap,,,22/08/2026 05:29
4b6ed8cd-94c7-422f-a4bf-a4965e0afaa4,homelike.zip,available,12.98,15.88,high,low,8,namecheap,,,21/08/2026 11:03
983354dd-be79-4914-90e8-4f8b90052fc8,corregidor.zip,available,16.99,18.99,medium,low,10,name.com,,,22/09/2026 13:13
8ef36a6e-5d38-4c56-8fb8-93a7c7c93b58,experimental.zip,premium,30.22,30.22,high,low,12,spaceship,,,01/10/2026 06:24
78d8b7c9-47b8-4bc7-8b77-ebf9e8e6a101,saucy.zip,premium,36.25,36.25,high,low,5,name.com,,,21/08/2026 22:17
af8113ce-c518-429c-8e1e-656f288ff227,followers.zip,premium,73.75,73.75,high,low,9,name.com,,,18/08/2026 10:24
6b7834be-9b39-409f-9a32-2d2aa7a52ab8,custard.zip,available,12.98,15.88,high,low,7,namecheap,,,24/09/2026 20:38
4b3e84f9-f6b3-44f5-ba3a-d50d6bb5d657,branchless.zip,available,12.98,15.88,medium,low,10,namecheap,,,11/08/2026 02:21
76a09c17-92b3-4a85-9f1f-da6f5f9a59c5,thoreau.zip,available,10.81,10.81,high,low,7,porkbun,,,29/09/2026 13:02
e3be8c6e-40fa-44b2-ba36-8487001aaa93,supposable.zip,available,12.98,15.88,high,medium,10,namecheap,,,09/09/2026 01:46
5e6701c7-b2bc-4265-80d1-dc34e030133d,acrophobia.zip,available,12.98,15.88,medium,low,10,namecheap,,,17/09/2026 03:53
95647b36-d2eb-4bc3-bd59-3ee4fc033903,acrobat.zip,premium,37.7,37.7,high,medium,7,namecheap,,,17/09/2026 03:17
8bb5edc4-8db0-4e72-87b6-8012f0413c63,peachy.zip,premium,36.25,36.25,high,low,6,name.com,,,08/08/2026 12:41
fed369f4-39b2-4956-9cd2-802ea652eaaa,moonshine.zip,available,12.98,15.88,high,low,9,namecheap,,,10/08/2026 19:35
3326dfb7-32fe-49e4-afaf-8d01ca50ba0a,wormy.zip,available,12.98,15.88,medium,low,5,namecheap,,,13/08/2026 06:43
08318c82-251b-42ad-93cb-d9018a17290d,incorrect.zip,available,12.98,15.88,high,low,9,namecheap,,,25/09/2026 08:08
062c01e1-0936-4765-8818-d8e6ef453c59,hawaiian.zip,premium,73.75,73.75,high,low,8,name.com,,,21/08/2026 01:36
5cd8aae2-4364-4b71-97b0-5a7426741b71,motorised.zip,available,12.98,15.88,medium,low,9,namecheap,,,25/08/2026 08:28
50baee18-a648-4b87-9d75-561677914590,retailed.zip,available,12.98,15.88,medium,low,8,namecheap,,,20/09/2026 16:31
a9a6895c-ea12-4167-8c72-6723a1ab6e1c,overlooking.zip,available,10.52,10.52,medium,low,11,spaceship,,,30/09/2026 00:35
e07d7f59-d287-435c-afac-448301164e0f,auc.zip,premium,76.7,76.7,high,low,3,namecheap,,,21/09/2026 02:37
0f0f083e-4964-4482-baf8-20021fbae07d,strengths.zip,available,12.98,15.88,medium,low,9,namecheap,,,18/09/2026 22:25
22090f76-a06a-44ef-927b-420e585a1587,fooling.zip,available,12.98,15.88,high,low,7,namecheap,,,18/08/2026 10:35
71a93114-27d3-42d4-915d-8ef7331e7438,correlate.zip,available,12.98,15.88,high,low,9,namecheap,,,23/09/2026 23:49
0d3cc6d7-a16e-4986-81f4-241bff222d96,shred.zip,premium,30.22,30.22,high,low,5,spaceship,,,01/10/2026 02:41
0f1ec692-27fd-4795-b45e-49a5734483c1,terraced.zip,available,10.52,10.52,medium,low,8,spaceship,,,29/09/2026 10:42
fd9ae7c4-c302-4d57-871f-f9f50f3544f5,bedhead.zip,available,12.98,15.88,medium,low,8,namecheap,,,02/10/2026 16:33
7f62f406-b467-4e4b-aaad-9cf8aafc69e4,stringy.zip,available,12.98,15.88,high,medium,7,namecheap,,,10/09/2026 08:17
b6e8e8c0-bc58-42ee-b233-7bf0feb48b82,brabant.zip,available,14,,high,low,7,unstoppable,,,29/09/2026 08:28
7e6608fd-1771-44d4-bd9e-b52443ae204f,apostate.zip,available,12.98,15.88,medium,low,8,namecheap,,,06/08/2026 03:35
b78d9f2c-da94-4b5d-8e84-371cb7a826a6,subtropical.zip,available,12.98,15.88,medium,low,11,namecheap,,,01/10/2026 16:02
0da7df1e-86a6-40a3-86c1-c6ce322f7fc0,defining.zip,available,12.98,15.88,high,low,8,namecheap,,,10/09/2026 06:00
d9b11804-1e29-4203-bf7a-7a747d446b17,aruru.zip,available,12.98,15.88,medium,low,5,namecheap,,,20/09/2026 12:26
f072e428-8b5f-4ef6-b510-791fc00a17f1,hearings.zip,available,10.52,10.52,medium,low,8,spaceship,,,29/09/2026 23:58
23a4e8cd-cef2-40e5-9c81-566be02cfa33,bernstein.zip,available,12.98,15.88,high,low,9,namecheap,,,23/09/2026 10:01
fca64537-30de-49e1-bcef-89636ca4077c,inversion.zip,premium,37.7,37.7,high,low,9,namecheap,,,19/09/2026 03:24
d230789c-5cb5-4e26-b691-bb800a019875,urine.zip,premium,30.22,30.22,high,low,5,spaceship,,,28/09/2026 02:54
0ac06b98-2b8c-460a-8391-9127dc84267f,artesian.zip,available,12.98,15.88,medium,low,8,namecheap,,,06/08/2026 22:39
4971b7f8-2c91-4a8a-a8a6-606fffb613da,balas.zip,available,12.98,15.88,medium,low,5,namecheap,,,21/09/2026 21:07
bad0331a-d3c8-49fa-a670-3c3ba36add80,alternative.zip,available,,,high,low,11,,,,26/09/2026 00:42
ee99191e-542a-43d8-8a93-5be08621732b,generates.zip,available,12.98,15.88,medium,low,9,namecheap,,,08/09/2026 05:16
4d247330-a470-4745-9d8c-95b24bd3d2f4,nafud.zip,available,12.98,15.88,medium,low,5,namecheap,,,19/09/2026 00:44
4cb9b079-8de9-4039-8a8c-1269870afc8c,andrus.zip,available,10.81,10.81,medium,low,6,porkbun,,,02/10/2026 01:31
ad3f9611-0fe7-4971-9a4d-d9ca5970c750,unfathomed.zip,available,12.98,15.88,medium,low,10,namecheap,,,12/09/2026 09:57
c2295a3b-d2b5-4232-8d16-bd2dc44263cb,phonograph.zip,available,10.52,10.52,high,low,10,spaceship,,,02/10/2026 16:22
eac53919-0b46-4250-9e31-e84d1addc779,cpu.zip,premium,648.7,648.7,high,low,3,namecheap,,,24/09/2026 11:27
6e7a4c44-681f-475f-beb4-6e1e72d7f33d,columnar.zip,available,12.98,15.88,medium,low,8,namecheap,,,12/08/2026 18:14
26379e56-7fa0-4be9-a820-9160a95d6953,fastest.zip,premium,76.7,76.7,high,low,7,namecheap,,,14/09/2026 17:49
014ab489-6846-4f38-aff0-095e0da9ea99,inadequate.zip,available,12.98,15.88,medium,low,10,namecheap,,,22/08/2026 00:12
0612bdd6-ca54-4e58-9d3d-8b900e12f481,dentist.zip,premium,133.72,133.72,high,low,7,spaceship,,,29/09/2026 13:59
368e1178-1d60-4e1e-8c74-ca66c2140469,scooter.zip,premium,141.35,141.35,high,low,7,porkbun,,,30/09/2026 01:57
4fbfcee5-273b-46e5-9618-0e219b77ad85,unshared.zip,available,12.98,15.88,medium,low,8,namecheap,,,12/09/2026 19:38
7b3e2601-bba7-4443-a30e-0cc3b0eaff2e,azonic.zip,available,12.98,15.88,medium,low,6,namecheap,,,08/08/2026 02:32
c807ffb6-97f8-493f-885e-4066fc84b9b2,vowel.zip,available,14,,high,low,5,unstoppable,,,29/09/2026 20:36
b541fe49-4e1f-466b-b296-7b02cc046a94,omdurman.zip,available,12.98,15.88,medium,low,8,namecheap,,,22/09/2026 15:32
a01f0246-1a18-4a8d-b30f-74d2004c6267,bioscience.zip,available,12.98,15.88,high,low,10,namecheap,,,23/09/2026 18:59
2518339b-c9a3-4cd8-959a-144870486853,populus.zip,available,12.98,15.88,high,low,7,namecheap,,,01/10/2026 19:46
9381a8a9-6b98-47b5-b1fb-861905f2ff9b,lawyers.zip,premium,167.7,167.7,medium,low,7,namecheap,,,25/09/2026 20:58
045a0978-2e9d-4c7e-87d0-96dcde782ebf,panorama.zip,premium,61.27,61.27,high,low,8,spaceship,,,02/10/2026 14:48
1f1ddb38-e8e8-489a-a890-a3365162ab1f,glaswegian.zip,available,12.98,15.88,medium,low,10,namecheap,,,20/08/2026 14:14
a0d159cb-0165-468b-b063-f519589818d7,dalliance.zip,available,12.98,15.88,medium,low,9,namecheap,,,11/09/2026 19:38
d6f5d8a0-0dc2-4cca-842f-ba227e8faa20,asia.zip,premium,516.67,516.67,high,low,4,spaceship,,,28/09/2026 22:29
7182445e-478a-4bdc-b175-48286bfc1ae3,ninth.zip,premium,36.25,36.25,high,low,5,name.com,,,
1a20f498-4d86-4d87-a75d-38daedca1f77,stench.zip,available,10.52,10.52,medium,low,6,spaceship,,,02/10/2026 04:49
e0efb1b7-28c8-4cc2-8834-1f3ffbbe2403,brethren.zip,available,12.98,15.88,high,low,8,namecheap,,,30/09/2026 00:52
7b560985-4943-430d-b825-b8478b05a4a7,insecure.zip,premium,36.25,36.25,high,low,8,name.com,,,22/08/2026 06:42
797807e4-3197-4805-8a2a-4b3667aa8e39,leukaemia.zip,available,12.98,15.88,medium,low,9,namecheap,,,24/09/2026 11:59
3bdd0c2a-ed7e-4cf2-9867-9679bb578cb6,bounce.zip,premium,167.7,167.7,high,low,6,namecheap,,,23/09/2026 01:22
23a50e7e-ae93-41a6-903c-e0ca8e7838a6,apocalypse.zip,premium,37.7,37.7,medium,low,10,namecheap,,,19/09/2026 18:10
b05cf69a-32fd-45ec-80bd-4c516659ce3e,maximising.zip,available,12.98,15.88,medium,low,10,namecheap,,,24/08/2026 17:58
ae4a1b36-dc91-43f4-af98-4c670c5256f5,dataflows.zip,available,12.98,15.88,medium,low,10,namecheap,,,21/09/2026 05:22
edcbff2e-c168-4d98-bbea-7365631ad46a,deciduous.zip,available,12.98,15.88,medium,low,9,namecheap,,,13/08/2026 21:26
35a883dc-991c-4bb6-a72d-433748639d3e,flags.zip,premium,141.35,141.35,high,low,5,porkbun,,,02/10/2026 07:17
c5c4cabb-6813-44c3-8141-8c6ca8fdc6e1,appraised.zip,available,16.99,18.99,medium,low,9,name.com,,,18/09/2026 22:16
b1ab65fa-4089-4c97-b889-c80f499b5c25,risible.zip,available,12.98,15.88,medium,low,7,namecheap,,,12/08/2026 19:02
6808bb95-4a5b-4bfc-ac9c-a3774bc08ff1,thermoset.zip,available,12.98,15.88,medium,low,9,namecheap,,,11/09/2026 12:58
b86134f5-766e-4a72-897a-32264822f07c,rating.zip,premium,272.35,272.35,high,low,6,porkbun,,,28/09/2026 19:08
0d729a01-a24a-4704-9302-de0e56819487,interbrain.zip,available,12.98,15.88,medium,low,10,namecheap,,,23/09/2026 11:55
51d2d4b8-1c05-4dc8-b83b-bfa94fa77548,corsican.zip,available,12.98,15.88,high,low,8,namecheap,,,13/08/2026 02:33
b36ae6ba-09e7-4fdf-8438-950c73b34524,neutered.zip,available,12.98,15.88,medium,low,8,namecheap,,,03/09/2026 16:35
fce82e27-9026-4ff5-8af6-15bb7db061f0,midlothian.zip,available,10.52,10.52,medium,low,10,spaceship,,,30/09/2026 21:02
37fe1815-5f97-41ba-af0f-49a8c8ad2e04,captain.zip,premium,129.2,,high,low,7,unstoppable,,,29/09/2026 07:28
fdd61c40-4bcd-48d7-9330-b6046660a7af,roadway.zip,available,14,,high,low,7,unstoppable,,,01/10/2026 21:33
7bd39683-c997-407c-8db7-db427465ea2a,ifa.zip,premium,61.27,61.27,high,low,3,spaceship,,,30/09/2026 04:19
f9342a4b-3120-48a8-8594-1cb97a5074b7,bicentric.zip,available,12.98,15.88,medium,low,9,namecheap,,,09/08/2026 19:09
c3ff5dd5-3a37-4948-9d3c-93f98c24c7da,sensibility.zip,available,10.81,10.81,high,low,11,porkbun,,,30/09/2026 22:27
3eae5db4-83b9-45a7-a8bd-3a3a07098144,dracula.zip,premium,30.22,30.22,high,low,7,spaceship,,,29/09/2026 16:40
097006b1-3da9-4378-ad4f-66c69dd91b80,mortgages.zip,premium,37.7,37.7,medium,low,9,namecheap,,,20/09/2026 00:45
f16d622c-f893-41f8-b7c7-12ccb94f1549,latin.zip,premium,161.25,161.25,high,low,5,name.com,,,22/08/2026 20:39
ef2c1f7e-e497-4353-b5d1-bf3708174ee3,barrymore.zip,available,12.98,15.88,medium,low,9,namecheap,,,22/09/2026 08:52
daf3e701-1979-4978-8fc4-35afdb5e86f6,lowe.zip,premium,30.22,30.22,high,low,4,spaceship,,,29/09/2026 15:01
b3b12314-bd9f-4b06-9b74-09d916f7d75b,supports.zip,premium,76.7,76.7,medium,low,8,namecheap,,,17/09/2026 06:20
d1ff11bc-c9e7-4392-830e-4e99812c5c34,deviate.zip,available,12.98,15.88,high,low,7,namecheap,,,
d4692446-840f-433b-86e7-222a40e0be7a,assist.zip,premium,648.7,648.7,high,low,6,namecheap,,,17/09/2026 20:44
6f8deda6-2644-4ec3-ae5b-901beaeaf828,distal.zip,available,12.98,15.88,medium,low,6,namecheap,,,14/08/2026 13:03
2081c24c-f326-4d77-b153-dcef1978b103,graphene.zip,premium,64.93,64.93,high,low,8,porkbun,,,30/09/2026 19:52
3c522f96-3f88-43ac-89d2-8a43d12e8086,fearing.zip,available,10.81,10.81,medium,low,7,porkbun,,,30/09/2026 15:26
e44d8693-30d5-4c9b-ad33-23ede8ae63bd,occupation.zip,available,10.52,10.52,high,low,10,spaceship,,,28/09/2026 06:05
19d1b765-a5b5-4bc0-a9be-60a165f23cca,apostle.zip,available,16.99,18.99,high,low,7,name.com,,,19/09/2026 19:18
17369ed0-3f8d-44a3-b79d-ee5cbcfb2d2c,kevin.zip,premium,648.7,648.7,high,medium,5,namecheap,,,25/09/2026 18:28
4256cff8-28bd-4277-ab18-1398cb01c830,manufacture.zip,premium,29.2,,high,low,11,unstoppable,,,28/09/2026 21:00
f4d0cf89-fde4-4bfd-9834-de6316e21b44,allan.zip,premium,61.27,61.27,high,low,5,spaceship,,,28/09/2026 16:24
112e7ca5-d90a-484d-9a03-2879f9c1be10,handing.zip,available,14,,medium,low,7,unstoppable,,,28/09/2026 11:31
73213da0-59ae-4aab-a6bb-6c59c1857bb5,unshaven.zip,available,12.98,15.88,medium,low,8,namecheap,,,12/09/2026 19:40
624b9dfd-8c28-42ed-8500-f207a203d3af,labour.zip,premium,133.72,133.72,medium,low,6,spaceship,,,29/09/2026 04:26
31880e6a-2aee-4b7f-93a7-f1a388396852,oberlin.zip,available,10.52,10.52,medium,low,7,spaceship,,,28/09/2026 04:20
c681f847-759a-420a-adbc-56d5f0273561,murmuring.zip,available,12.98,15.88,high,low,9,namecheap,,,03/09/2026 11:06
93012d4f-517a-4141-8494-8cce4d0294d1,picky.zip,premium,36.25,36.25,high,low,5,name.com,,,18/08/2026 05:00
d054371a-a74c-47a6-ac78-6b22d896740b,coexisting.zip,available,12.98,15.88,medium,low,10,namecheap,,,12/08/2026 15:32
16da31d6-cac9-4d5d-b9d2-756435d3f36e,potts.zip,available,14,,medium,low,5,unstoppable,,,28/09/2026 04:13
3af6bd86-77c5-4c2c-869d-f1cbd3b7153d,ammoniac.zip,available,12.98,15.88,medium,low,8,namecheap,,,
582f84d6-cc88-478d-b918-4975e0837e46,rebuild.zip,premium,30.22,30.22,high,low,7,spaceship,,,28/09/2026 06:58
22551709-1f6a-4c3d-9326-adceba056611,swore.zip,available,14,,medium,low,5,unstoppable,,,28/09/2026 04:28
8aa32c59-f23e-4431-8ec7-e518f6e8b33a,septenary.zip,available,12.98,15.88,medium,low,9,namecheap,,,
8ea3073d-8971-48a9-b14b-ad0b93b8872f,overflowing.zip,available,10.52,10.52,high,low,11,spaceship,,,01/10/2026 05:59
52280338-206a-40cc-af95-19eda2d2fa89,eyes.zip,premium,257.92,257.92,high,low,4,spaceship,,,29/09/2026 18:46
a60a6c80-58df-43f9-b9c8-dd3c91f19a99,lusitania.zip,available,14,,high,low,9,unstoppable,,,02/10/2026 16:04
8008d21a-13bb-4819-abfe-4ae373ac862c,conveyor.zip,available,14,,high,low,8,unstoppable,,,02/10/2026 04:26
96eeaf76-6039-4f47-98fd-bfbeb7af4c8e,documental.zip,available,12.98,15.88,medium,low,10,namecheap,,,14/08/2026 14:27
6f8da387-5eaa-495d-822e-d90aaf8a1de7,argive.zip,available,12.98,15.88,medium,low,6,namecheap,,,06/08/2026 18:27
9fd4b36a-3cd2-4627-98eb-7a01b2664b41,buckingham.zip,available,12.98,15.88,high,low,10,namecheap,,,25/09/2026 12:25
a3b5873f-27b8-43b2-a818-7c450f351c12,shuffle.zip,premium,30.22,30.22,high,low,7,spaceship,,,29/09/2026 13:56
f402fe77-6f33-40ed-ae2b-9a32082c5661,cactus.zip,premium,648.7,648.7,high,low,6,namecheap,,,24/09/2026 11:36
1ee5f865-e911-4813-8a82-f3701055ba09,crusher.zip,available,14,,high,low,7,unstoppable,,,03/10/2026 00:22
d8df8d8f-b045-4882-8e85-52a549563511,clxxv.zip,available,12.98,15.88,medium,low,5,namecheap,,,
6c91954b-cfae-44dc-815c-6b47d2a7e860,eyrie.zip,available,12.98,15.88,high,low,5,namecheap,,,
2021fa44-f47e-4faa-a6b9-ece7a27e9c55,xerxes.zip,available,10.52,10.52,medium,low,6,spaceship,,,01/10/2026 16:35
a0ad6349-35e6-439f-8553-97d3ae75ce10,running.zip,premium,257.92,257.92,high,low,7,spaceship,,,27/09/2026 17:05
7057f45c-0843-49b5-8d14-fb797670a670,islands.zip,premium,141.35,141.35,high,low,7,porkbun,,,02/10/2026 09:15
f67aa283-52ff-47aa-9b19-722c7d653cc1,auditive.zip,available,12.98,15.88,medium,low,8,namecheap,,,07/08/2026 16:49
dbe62a75-eded-410e-85d3-c06f79b6d670,heroism.zip,available,10.52,10.52,high,low,7,spaceship,,,29/09/2026 18:59
da1534e7-a36b-4ec6-af4e-b0b96de1e5e7,borneo.zip,premium,30.22,30.22,medium,low,6,spaceship,,,01/10/2026 18:45
13c5df0e-f27a-4704-9946-d8b06b3e02c8,fatso.zip,available,12.98,15.88,medium,low,5,namecheap,,,17/08/2026 23:54
f1854651-8688-4319-b74a-43b607f4ee73,charting.zip,available,12.98,15.88,high,low,8,namecheap,,,02/10/2026 07:28
f2af8a81-ca24-4a85-9c0c-2aecb0b14fa1,herzegovina.zip,available,12.98,15.88,medium,low,11,namecheap,,,27/09/2026 18:47
d5c403c7-5167-42d1-9441-45bff789d5d0,doj.zip,premium,61.27,61.27,medium,low,3,spaceship,,,29/09/2026 12:03
69efe499-5cfc-4cec-9075-17dc5f43c4ae,ordained.zip,available,12.98,15.88,medium,low,8,namecheap,,,13/08/2026 22:16
c96d4b44-c154-4e47-9ee2-680fc9a5c608,avril.zip,premium,133.72,133.72,medium,low,5,spaceship,,,02/10/2026 22:03
1ca190ce-93c9-4e4b-be20-299b73cf8d01,reprieve.zip,available,12.98,15.88,high,low,8,namecheap,,,16/09/2026 14:08
a368f1f9-a33d-4495-b68f-9cbdfde0fcb0,infective.zip,available,12.98,15.88,medium,low,9,namecheap,,,22/08/2026 04:14
512ef0d0-a5e9-4a0e-8cb6-987c5e966280,exotic.zip,premium,311.25,311.25,high,low,6,name.com,,,17/08/2026 17:49
0be493bd-14c6-405f-956a-3d76b89bb112,cutely.zip,available,12.98,15.88,medium,low,6,namecheap,,,14/09/2026 09:59
97c8618e-9777-4d73-b633-ee0da3072eaf,acad.zip,premium,37.7,37.7,high,low,4,namecheap,,,29/09/2026 10:57
167f4a46-8fe4-4af7-9e43-bf5261ecb712,stamping.zip,available,10.52,10.52,high,low,8,spaceship,,,02/10/2026 07:11
0eaaf0ae-9115-4fbe-867f-9a948accd4aa,evil.zip,premium,323.7,323.7,high,medium,4,namecheap,,,24/09/2026 15:41
b63ade1d-8a89-450d-b94f-c764e3db81b7,zaire.zip,available,12.98,15.88,high,medium,5,namecheap,,,23/09/2026 04:58
866bfa92-5b2f-4e98-934e-b9f6a84f0296,various.zip,premium,141.35,141.35,high,low,7,porkbun,,,28/09/2026 10:11
de8dfb4c-70bd-4897-9e99-bff8f5bbaa1c,bellamy.zip,available,10.52,10.52,medium,low,7,spaceship,,,28/09/2026 12:15
f8e1eb5f-10ef-4d38-9a2f-2ea549ef4c92,rainforest.zip,premium,29.2,,high,low,10,unstoppable,,,01/10/2026 21:25
7a9625de-61be-4aa1-b601-8b23260feb58,hua.zip,premium,76.7,76.7,high,low,3,namecheap,,,18/09/2026 01:18
b4ce80f3-45d1-4694-8d09-51af192344a8,snowfall.zip,available,12.98,15.88,high,low,8,namecheap,,,01/10/2026 21:44
293d0095-cfda-4231-b686-57af39977080,activation.zip,premium,36.25,36.25,high,low,10,name.com,,,
508d8ea0-14f9-48f6-8e33-3fe4e6639c13,give.zip,premium,545.26,545.26,high,low,4,porkbun,,,29/09/2026 07:45
5639b9a3-b3f9-46ce-bd79-97c154f7bcf3,issn.zip,available,14,,high,low,4,unstoppable,,,01/10/2026 07:15
3e7eb268-5935-4806-94df-8df613842051,lagoon.zip,premium,59.2,,high,low,6,unstoppable,,,29/09/2026 07:27
20ed679e-b168-419c-876a-b61b8399bba2,knock.zip,premium,167.7,167.7,high,low,5,namecheap,,,27/09/2026 03:49
99a846dd-8a13-4ffa-9fb0-dfeca9ee7285,strindberg.zip,available,12.98,15.88,medium,low,10,namecheap,,,21/09/2026 03:49
b7217b0c-63f5-4ec0-b0ef-198a73b22750,snr.zip,premium,76.7,76.7,high,low,3,namecheap,,,30/09/2026 12:29
d5fb063e-23f0-4e5c-9f4d-8b0d0e47517d,entangled.zip,available,12.98,15.88,medium,low,9,namecheap,,,16/08/2026 13:26
49ce84d5-8191-409c-9f94-c54e94901bfb,unwrapped.zip,available,12.98,15.88,high,low,9,namecheap,,,12/09/2026 22:53
dfd2e6c3-2149-440b-816a-3c6c989a7fcd,venereal.zip,available,12.98,15.88,medium,low,8,namecheap,,,18/08/2026 21:42
eb1040df-63e0-48d6-bf70-26ef314fa3d8,squirting.zip,available,12.98,15.88,medium,low,9,namecheap,,,22/08/2026 13:15
c66b4255-a4e6-413f-bd9e-c8848874ac67,fetus.zip,available,10.52,10.52,high,low,5,spaceship,,,30/09/2026 17:18
4043f2cc-98ca-49d7-a28e-729ec3e79c85,gestural.zip,available,12.98,15.88,medium,low,8,namecheap,,,18/08/2026 22:57
4c184dbd-d649-40aa-be06-cd51bb4044a5,neale.zip,available,14,,medium,low,5,unstoppable,,,29/09/2026 04:02
03def5fc-e492-45a4-88ef-26469d4b29b1,choked.zip,available,12.98,15.88,medium,low,6,namecheap,,,12/08/2026 06:39
0b259b7a-f8e6-4873-9e57-23076eeb1958,tahitian.zip,available,12.98,15.88,high,low,8,namecheap,,,11/09/2026 07:06
20d95a32-7087-48d7-a61a-f54493d43a38,besieged.zip,available,12.98,15.88,low,low,8,namecheap,,,09/08/2026 15:25
8320b21f-2f24-490d-b811-87d82d3f3899,drudgery.zip,available,12.98,15.88,medium,low,8,namecheap,,,08/09/2026 21:19
97f2bfec-3bd9-4f50-9ec2-a47097bf68a0,stallion.zip,available,12.98,15.88,high,low,8,namecheap,,,24/09/2026 14:09
e33c1594-fdc0-4fbb-ba86-0a3daa4f7c37,decorating.zip,premium,30.22,30.22,high,low,10,spaceship,,,30/09/2026 04:09
62d335ec-b3fc-49e0-9bf0-96d25deee94a,informing.zip,available,14,,high,low,9,unstoppable,,,30/09/2026 00:09
0bb5cd8d-2601-4a90-aa7b-9822dfa668b0,uci.zip,premium,64.93,64.93,medium,low,3,porkbun,,,29/09/2026 09:30
f77598f4-f7b2-4857-8e5e-8d148299e08e,beignet.zip,available,12.98,15.88,medium,low,7,namecheap,,,23/09/2026 04:07
1f7e2aef-8b51-488d-9995-c41ba2a6d63e,legislation.zip,premium,30.22,30.22,high,low,11,spaceship,,,30/09/2026 06:03
61a2e2af-e9b1-4454-bd64-51066373ebf7,torre.zip,premium,76.7,76.7,high,low,5,namecheap,,,28/09/2026 03:40
32691b77-c29c-4c60-8da1-2d68d432f4c9,vehicular.zip,available,12.98,15.88,medium,low,9,namecheap,,,13/09/2026 01:48
45c8db89-9c3d-40d8-adfa-20d7aafc399a,springfield.zip,premium,29.2,,high,low,11,unstoppable,,,29/09/2026 22:00
cc15f93f-a5ea-4f01-8e77-433063f28e05,beloit.zip,available,12.98,15.88,medium,low,6,namecheap,,,29/09/2026 22:33
31549a93-9cba-4190-869c-31c9eccbbdc6,crumble.zip,available,10.81,10.81,high,low,7,porkbun,,,01/10/2026 22:10
9cc9aaab-fd10-40a8-bc69-bb86e2bed34f,washes.zip,available,12.98,15.88,medium,low,6,namecheap,,,20/09/2026 04:54
20c9c9a1-35aa-411a-ad0e-f4a0e60b4174,zheng.zip,premium,59.2,,medium,low,5,unstoppable,,,28/09/2026 11:37
c4fee678-ba8a-4772-b130-5661bd7e50a1,mercado.zip,premium,167.7,167.7,high,low,7,namecheap,,,01/10/2026 11:41
a8ded4bc-a114-47d8-b777-35092bf0ef4a,olaf.zip,premium,29.2,,medium,low,4,unstoppable,,,28/09/2026 07:48
83e66a9e-f23a-48c5-b2bc-408070eac0b2,sensational.zip,available,10.52,10.52,high,low,11,spaceship,,,01/10/2026 19:37
4bf27dc7-8614-4251-ab9f-0072abfccf13,aluminate.zip,available,12.98,15.88,medium,low,9,namecheap,,,18/09/2026 15:13
22458a81-923a-48be-9483-f632217660bf,specialize.zip,available,10.52,10.52,high,low,10,spaceship,,,29/09/2026 14:15
5921fa26-e367-4ab7-9d16-fc05eb8cda0c,emeritus.zip,available,12.98,15.88,high,low,8,namecheap,,,16/08/2026 15:05
acaec8b2-738c-4995-a471-3ad3a6566301,precambrian.zip,available,10.52,10.52,medium,low,11,spaceship,,,29/09/2026 04:02
c0e9a071-37cb-4ff2-9bc6-c7f62014b8ca,elsa.zip,premium,61.27,61.27,high,low,4,spaceship,,,28/09/2026 08:37
7bdf8fed-e8b4-4e77-92db-eb04cedcca65,safe.zip,premium,516.67,516.67,high,medium,4,spaceship,,,27/09/2026 17:44
da04162e-6497-466b-b899-6ef869e99fa2,uxbridge.zip,available,10.52,10.52,medium,low,8,spaceship,,,01/10/2026 11:40
9c601668-14ee-4ca7-9241-b7b6a37bdd7b,motives.zip,available,12.98,15.88,medium,low,7,namecheap,,,28/09/2026 17:11
70eb85f1-9540-46f1-9c00-0c1559099125,iia.zip,premium,61.27,61.27,high,low,3,spaceship,,,01/10/2026 07:40
1ba0c9b4-8816-49c4-9c7a-9c273469336f,raconteur.zip,available,12.98,15.88,high,low,9,namecheap,,,19/09/2026 05:14
fea3f328-3967-467a-b76d-1f8c6df70171,encumbered.zip,available,12.98,15.88,medium,low,10,namecheap,,,17/08/2026 00:40
89a74b61-9e1d-421d-a68b-340d1f90fdd5,fitness.zip,premium,999.2,1034.17,high,low,7,unstoppable,,,02/10/2026 10:26
e1edda9e-01fe-4237-8405-da0b2823ed64,chengdu.zip,premium,37.7,37.7,medium,low,7,namecheap,,,30/09/2026 04:52
00e3043d-810a-4b36-a8b9-6d53dbc7c101,enceinte.zip,available,12.98,15.88,medium,low,8,namecheap,,,16/08/2026 22:09
886fa0ff-97be-4bc8-ae50-7e60dce21162,orr.zip,premium,76.7,76.7,high,low,3,namecheap,,,27/09/2026 03:21
631cc39b-9c06-4956-b50b-d7823059b53b,jahan.zip,available,14,,high,low,5,unstoppable,,,02/10/2026 09:26
bb876618-3468-4ff5-b1fc-edd784afa297,concluding.zip,available,12.98,15.88,high,low,10,namecheap,,,19/09/2026 15:36
e3180ca9-880b-4f3a-9304-270097f6c18d,bellows.zip,available,12.98,15.88,high,low,7,namecheap,,,23/09/2026 06:26
193a15fd-0946-4b5f-bbcc-06583c32dc70,pumping.zip,premium,37.7,37.7,high,low,7,namecheap,,,17/09/2026 18:09
52c4889f-7e7e-4672-a161-255e3a3cfd98,monty.zip,premium,30.22,30.22,medium,low,5,spaceship,,,28/09/2026 11:58
e762f661-43b4-4141-b825-d0a4252725ef,dion.zip,premium,37.7,37.7,medium,low,4,namecheap,,,28/09/2026 09:08
ac095804-8c9d-4600-b74c-5c0ce72db3ba,unshelled.zip,available,12.98,15.88,high,medium,9,namecheap,,,10/09/2026 06:23
444ef325-1acb-4ee7-80bc-d140e4410783,feet.zip,premium,129.2,,high,low,4,unstoppable,,,02/10/2026 15:14
53988644-deb9-4f04-a0b0-330dfb19311d,enlightened.zip,available,10.52,10.52,high,low,11,spaceship,,,29/09/2026 20:59
d4a0e930-0c8f-4596-927d-c51c5b285ea1,agitated.zip,available,12.98,15.88,medium,low,8,namecheap,,,
1ff25606-37bf-4ce0-b35d-235670cf664b,wonky.zip,available,12.98,15.88,medium,low,5,namecheap,,,07/08/2026 03:46
67d528cf-9d34-4954-8f6f-e4ec665f7c3d,bucky.zip,available,12.98,15.88,high,low,5,namecheap,,,02/10/2026 18:38
68741fd6-f20f-43cb-a289-ec5f1c247090,powerless.zip,available,12.98,15.88,high,medium,9,namecheap,,,09/09/2026 00:56
930707ee-c2f5-42cb-af4d-cc517d3bfd65,islanders.zip,available,12.98,15.88,medium,low,9,namecheap,,,02/10/2026 22:29
45614c5f-8d02-4ea7-a4e2-907be7ee7bef,gunman.zip,available,14,,medium,low,6,unstoppable,,,01/10/2026 02:21
eff8c119-15c2-49f5-99f2-2504e4b9172b,passes.zip,premium,76.7,76.7,high,low,6,namecheap,,,27/09/2026 02:49
34f5eddd-9568-4f53-a1d0-d3b529a70984,anomy.zip,available,12.98,15.88,medium,low,5,namecheap,,,19/09/2026 11:32
3ff334b0-75b0-4e13-92a2-1029724ac041,shambolic.zip,available,12.98,15.88,medium,low,9,namecheap,,,10/09/2026 05:51
20576dc4-e75e-4e9f-a5da-d56cde6274f2,caen.zip,premium,32.18,32.18,medium,low,4,porkbun,,,29/09/2026 09:32
b6500847-a162-4e29-83cb-e0728235a03c,bamboo.zip,premium,648.7,648.7,high,medium,6,namecheap,,,22/09/2026 00:40
afb5847f-b96a-4364-aba9-ff3991dde905,conniption.zip,available,12.98,15.88,medium,low,10,namecheap,,,18/08/2026 05:43
9de9af5d-cfb5-435a-bba0-c5991281f643,khakis.zip,available,10.52,10.52,high,low,6,spaceship,,,30/09/2026 01:17
babf6d74-417a-4417-8ca8-d37dc4bdb338,manages.zip,available,10.52,10.52,medium,low,7,spaceship,,,01/10/2026 21:33
5c22888a-9796-4071-9451-8a427221f191,opaque.zip,premium,76.7,76.7,high,low,6,namecheap,,,04/09/2026 15:47
6d55db9a-c641-4ef6-9551-a1cf17849f30,parties.zip,premium,167.7,167.7,medium,low,7,namecheap,,,17/09/2026 10:18
106e86ba-4c04-4fae-9d5a-7d7e63963f35,gymnastics.zip,premium,59.2,,high,low,10,unstoppable,,,29/09/2026 01:12
f744db53-a114-43be-b126-d6eda47a8b64,untrustworthy.zip,available,15.88,,medium,low,13,namecheap,,,
2ca0c736-4a7c-41a0-920e-9c65b3437eb2,throwback.zip,available,12.98,15.88,high,low,9,namecheap,,,11/09/2026 15:00
0350be6c-8066-4988-99ae-fb1d79791d3d,variably.zip,available,12.98,15.88,medium,low,8,namecheap,,,16/09/2026 10:46
a4d19ce7-5540-4446-95b5-d1c80dea0d83,seems.zip,available,12.98,15.88,medium,low,5,namecheap,,,18/09/2026 01:08
0b98aa21-3bf0-45b7-a7a3-71a302214d18,jar.zip,premium,257.92,257.92,high,low,3,spaceship,,,30/09/2026 00:42
c3414fa7-bbe9-4752-a77b-1b1a15bf0821,earhart.zip,available,12.98,15.88,medium,low,7,namecheap,,,18/09/2026 18:17
5b440812-4648-49f0-8faf-0450e2b1243a,collar.zip,premium,167.7,167.7,high,low,6,namecheap,,,20/09/2026 09:02
5dd6750c-8571-4d1d-9480-44641c50ca66,aquarius.zip,premium,37.7,37.7,high,low,8,namecheap,,,19/09/2026 23:03
74cfb5d8-15b9-48da-b1a9-b50e6e98bf5e,blank.zip,premium,648.7,648.7,high,medium,5,namecheap,,,22/09/2026 21:48
ff01782a-d7c7-4b8e-8fa5-512c63d78ed9,interpreting.zip,available,10.52,10.52,high,low,12,spaceship,,,02/10/2026 12:24
1471ff32-c008-4518-8f4f-87af9b4e21c5,campaign.zip,premium,133.72,133.72,high,low,8,spaceship,,,29/09/2026 06:11
53e70cde-799e-4eff-8ac5-e5af2e8d6823,kirk.zip,premium,36.25,36.25,high,low,4,name.com,,,25/09/2026 08:51
6d4fc0c5-d7d7-43fc-bd2a-3295486b8d80,passed.zip,premium,36.25,,medium,low,6,name.com,,,
e45c89e6-14f0-42da-a914-0af799885999,heliacal.zip,available,12.98,15.88,medium,low,8,namecheap,,,21/08/2026 06:23
e7e4b413-eb6c-4d13-91f4-2014ecef2ebd,patented.zip,available,12.98,15.88,high,low,8,namecheap,,,08/09/2026 10:24
2c6b30aa-086f-4d68-9f29-03aef62d5f41,aedes.zip,available,12.98,15.88,medium,low,5,namecheap,,,17/09/2026 12:09
5f4eb3b3-f058-49c5-ad92-88dd0ca85439,mattresses.zip,available,16.99,18.99,medium,low,10,name.com,,,20/09/2026 14:45
ada5da13-162f-4c3e-957e-d4ea25f193e0,implants.zip,premium,61.27,61.27,medium,low,8,spaceship,,,29/09/2026 17:38
f13cceb2-61c0-4a15-8b2b-99f3381984cb,animate.zip,premium,37.7,37.7,high,low,7,namecheap,,,22/09/2026 04:47
ed0ccdce-2b38-433d-83fa-e30987de059c,esposito.zip,available,14,,high,low,8,unstoppable,,,30/09/2026 21:18
76151481-1f58-4901-9172-d45090ae0df6,cholesterol.zip,premium,29.2,,high,low,11,unstoppable,,,29/09/2026 05:08
3eff0899-0344-495e-bf20-2a26cfc54686,gow.zip,premium,61.27,61.27,medium,low,3,spaceship,,,02/10/2026 18:51
fd9b1a30-a8bf-4ec1-bffe-698002b4369b,antithesis.zip,available,12.98,15.88,medium,low,10,namecheap,,,19/09/2026 15:11
ac8b27ca-a732-4c74-adc1-09f2b246cf6e,franchise.zip,premium,76.7,76.7,high,low,9,namecheap,,,24/09/2026 21:02
8d85fdbb-5095-4367-a06e-8a4e218d0d9e,beverly.zip,premium,167.7,167.7,high,low,7,namecheap,,,25/09/2026 21:21
fa2d53cd-94dd-4efe-8572-2ceac121eeff,jimmie.zip,available,10.81,10.81,medium,low,6,porkbun,,,28/09/2026 17:18
1d18f5de-8d55-4932-8791-23da501daba9,boozer.zip,available,12.98,15.88,medium,low,6,namecheap,,,
850a1b3d-2c39-40ef-b5cb-8d8bacc67db0,endurable.zip,available,12.98,15.88,medium,low,9,namecheap,,,09/08/2026 04:33
cdeefb67-bfcc-4f01-a94b-18616c643c8f,childless.zip,available,12.98,15.88,medium,low,9,namecheap,,,12/08/2026 05:10
4035e295-81cf-4c3b-9d7e-635f63dd0f26,remove.zip,premium,323.7,323.7,high,low,6,namecheap,,,21/09/2026 14:40
60957912-18e7-480b-91f8-782013176efa,dolce.zip,premium,76.7,76.7,high,low,5,namecheap,,,14/09/2026 13:39
824cb6c0-5884-4745-a81f-067e957072ad,assignments.zip,premium,30.22,30.22,medium,low,11,spaceship,,,28/09/2026 18:20
000b2ed4-7f3a-4287-8ffe-2d1976a6ff8c,sorrow.zip,available,10.52,10.52,medium,low,6,spaceship,,,28/09/2026 06:39
9f4038f3-168d-458e-b202-efc524664d89,skate.zip,premium,167.7,167.7,high,low,5,namecheap,,,28/09/2026 06:45
59d5ccc7-47b0-4080-9d08-7c0ddd69a7aa,afflatus.zip,available,12.98,15.88,medium,low,8,namecheap,,,17/09/2026 14:39
7db04f5e-0a54-47d2-9410-f59e6af53f80,bee.zip,premium,499.2,,high,medium,3,unstoppable,,,29/09/2026 01:48
44bd497b-6f44-4a8c-9d88-c35696e001c1,optic.zip,premium,76.7,76.7,high,low,5,namecheap,,,25/09/2026 23:58
e9b268e8-1eb6-47dc-b9c0-b0c3fe49f457,monitor.zip,premium,257.92,257.92,high,low,7,spaceship,,,28/09/2026 18:50
eed88682-7743-418d-a7aa-b426dc4d08fd,cellini.zip,available,12.98,15.88,medium,low,7,namecheap,,,23/09/2026 08:47
0658ac98-2e68-45fc-aa91-b990b3e34746,obstruction.zip,available,14,,medium,low,11,unstoppable,,,28/09/2026 17:02
1b57a993-fea2-4e8f-bf26-abb1cf8e2a46,unreliable.zip,available,12.98,15.88,medium,low,10,namecheap,,,11/09/2026 19:06
a8049196-f601-4bcd-afec-7e018edf3f36,briefing.zip,available,10.52,10.52,high,low,8,spaceship,,,29/09/2026 04:17
c609b8ef-a9ca-4891-ab00-f5fb6268b4d6,moskva.zip,available,12.98,15.88,medium,low,6,namecheap,,,02/10/2026 19:22
553e030b-7a59-42c5-b628-c305883d0ef1,prink.zip,available,12.98,15.88,medium,low,5,namecheap,,,21/09/2026 02:05
497dcb0f-5891-435c-a3f3-7174bc7c257d,staffed.zip,available,10.52,10.52,medium,low,7,spaceship,,,02/10/2026 22:02
44680e16-4252-4401-8eea-a53b6dab824e,long.zip,premium,648.7,648.7,high,low,4,namecheap,,,24/09/2026 21:14
6274cd81-ef9b-441e-9de4-3169f0563a46,apadana.zip,available,12.98,15.88,medium,low,7,namecheap,,,19/09/2026 16:10
1c30c253-1b65-4846-9be1-155d641195a5,solve.zip,premium,257.92,257.92,high,low,5,spaceship,,,30/09/2026 19:49
801f64f2-ffaa-4916-ac04-1cd9717d4324,ringer.zip,premium,37.7,37.7,high,low,6,namecheap,,,23/09/2026 05:42
a991c7fa-b839-47fb-85dc-618969028bcc,splay.zip,available,12.98,15.88,medium,low,5,namecheap,,,10/09/2026 16:06
f0637b95-d980-46d2-961f-502035439d01,bassoon.zip,available,16.99,18.99,medium,low,7,name.com,,,22/09/2026 12:33
b569e8c6-72a8-47e8-927b-5d4b745865e7,refractory.zip,available,12.98,15.88,medium,low,10,namecheap,,,18/08/2026 13:55
af72a6f5-ada1-47bd-8962-f71b11c2cd19,episcopal.zip,available,12.98,15.88,medium,low,9,namecheap,,,17/08/2026 11:09
91387c10-2e9a-46f4-8edf-fc10de0cc5a7,porkfish.zip,available,12.98,15.88,medium,low,8,namecheap,,,19/09/2026 09:38
ad432c41-89e4-4a61-b032-72786bb42aae,anopia.zip,available,12.98,15.88,medium,low,6,namecheap,,,19/09/2026 11:39
b06e58f4-84a7-4cf7-b530-76b69bc9a77b,gauge.zip,premium,61.27,61.27,high,low,5,spaceship,,,29/09/2026 00:50
d38e63c1-d8b5-4f74-bcda-0516691bcfc5,gregor.zip,available,10.52,10.52,high,low,6,spaceship,,,02/10/2026 13:16
ba650c0d-9839-414d-9e7d-5034fcfcfa43,stop.zip,premium,648.7,648.7,high,low,4,namecheap,,,24/09/2026 23:23
6bb3228b-ec75-44f9-8f3c-e72faec24c49,practices.zip,premium,76.7,76.7,medium,low,9,namecheap,,,16/09/2026 19:21
20b41070-6d0d-48cf-9722-82ab81779a51,acarpelous.zip,available,12.98,15.88,medium,low,10,namecheap,,,
d5f07369-45ec-44a0-8a32-4728205220f8,crepuscle.zip,available,12.98,15.88,medium,low,9,namecheap,,,11/09/2026 21:50
7a801fec-9d1a-4d48-a579-a27519204c65,spans.zip,available,10.52,10.52,medium,low,5,spaceship,,,02/10/2026 12:37
9d8b8da1-8537-4fc9-bc58-452e1da6c0d0,colony.zip,premium,272.35,272.35,high,low,6,porkbun,,,27/09/2026 12:41
650e493a-de50-45ed-bb43-27ab13c13999,ticking.zip,available,12.98,15.88,high,low,7,namecheap,,,30/09/2026 13:16
1bb61c9b-20a4-43f6-a051-7e82d74eb91e,savoury.zip,available,12.98,15.88,high,low,7,namecheap,,,25/08/2026 08:52
577d753b-fc1f-4f91-8898-ee21dcc99b5f,insurer.zip,available,10.52,10.52,high,low,7,spaceship,,,01/10/2026 02:41
f992482c-4d74-4132-8ade-ab091d0b0b5d,poole.zip,available,12.98,15.88,high,low,5,namecheap,,,25/09/2026 17:31
21bda40b-f8aa-47de-a405-1b3400241280,armchair.zip,available,12.98,15.88,high,low,8,namecheap,,,20/09/2026 06:33
c19c23a5-4a20-467b-9293-804bf8db2ba8,nemesis.zip,premium,37.7,37.7,high,low,7,namecheap,,,22/09/2026 01:42
bf646ee7-9b59-42e2-a2e7-b9aa7851b5e3,optimum.zip,premium,76.7,76.7,high,low,7,namecheap,,,04/09/2026 16:59
99621ddd-96ae-4f57-9986-f20d22cc2d29,regain.zip,available,10.52,10.52,high,low,6,spaceship,,,29/09/2026 02:45
08d6d08d-efb4-4495-b1be-1196ab4ec20d,lockport.zip,available,14,,medium,low,8,unstoppable,,,30/09/2026 13:59
e033f81a-7779-4a68-afaf-d242f6136a64,introspections.zip,available,15.88,,low,low,14,namecheap,,,
296a90f4-4d43-4726-b7f4-6ba59cab898e,riddles.zip,available,10.52,10.52,medium,low,7,spaceship,,,02/10/2026 19:06
4cd6ef2f-fe0f-42fd-be09-f12969463ab1,vague.zip,available,12.98,15.88,high,low,5,namecheap,,,25/09/2026 23:34
e27c1cd3-cd49-4a22-9ca3-991eb1216565,weirdness.zip,available,12.98,15.88,medium,low,9,namecheap,,,23/09/2026 23:18
ffc3d0c4-161e-4a2f-be1f-7cd613324193,rubus.zip,available,14,,high,low,5,unstoppable,,,02/10/2026 05:02
1b4b9658-1754-4bdc-9755-ce57322d92b0,roast.zip,premium,61.27,61.27,high,low,5,spaceship,,,27/09/2026 15:46
fb1a8f2a-837c-4f66-bd8f-07c6e5498c6e,viewless.zip,available,12.98,15.88,medium,low,8,namecheap,,,13/09/2026 05:40
cc17dadb-bc2b-4512-ba10-1425645791d8,germicidal.zip,available,12.98,15.88,medium,low,10,namecheap,,,08/08/2026 07:07
73b65f64-c10f-4bd4-903e-961663915fbd,mirthful.zip,available,12.98,15.88,high,low,8,namecheap,,,12/08/2026 19:00
93c4b576-e710-4a68-af5c-28b24535bf08,yeoman.zip,available,12.98,15.88,medium,low,6,namecheap,,,23/09/2026 01:07
34f5631f-dbbb-432c-9f88-5e085dc3f974,annals.zip,available,12.98,15.88,high,low,6,namecheap,,,19/09/2026 10:05
9ec86411-8a21-4f61-b448-1bc74bece56e,bodies.zip,premium,161.25,161.25,medium,low,6,name.com,,,25/09/2026 16:46
4376e801-269c-4d9b-a703-a0b8e3e2b657,complexity.zip,premium,37.7,37.7,high,low,10,namecheap,,,24/09/2026 16:49
319d359b-d9e9-4484-9dc2-c89088961ac2,radioed.zip,available,12.98,15.88,medium,low,7,namecheap,,,20/09/2026 15:44
023ab9e4-1a40-4498-a9e6-8ba325eb6b90,distantly.zip,available,12.98,15.88,medium,low,9,namecheap,,,14/09/2026 13:17
c72c01d7-c7af-4b47-8414-257fdd3351f1,chameleon.zip,premium,37.7,37.7,high,low,9,namecheap,,,02/10/2026 23:55
ba32efd5-ca8a-4a58-99d2-6a27f05bbe03,exegetic.zip,available,12.98,15.88,medium,low,8,namecheap,,,17/08/2026 16:59
3f540735-2e3d-4a46-88b8-7bb796704922,somali.zip,premium,37.7,37.7,high,low,6,namecheap,,,10/09/2026 13:58
ee1807d4-d31a-4c52-9a71-654fd8c98d5f,himalaya.zip,available,10.52,10.52,high,low,8,spaceship,,,01/10/2026 02:35
d2314e7c-bf92-4af0-b723-4a94ba112bcf,hoggish.zip,available,12.98,15.88,low,low,7,namecheap,,,21/08/2026 10:16
e3c2eea0-8b93-4d91-8eca-fe1f717bbeb5,valueless.zip,available,12.98,15.88,medium,low,9,namecheap,,,13/09/2026 01:01
596382ac-18b8-4f70-b180-ea6a5a41a9c1,maths.zip,premium,133.72,133.72,high,low,5,spaceship,,,30/09/2026 04:03
c074dabd-ce8c-48c0-848b-65ba45c7dd15,hepatitis.zip,premium,30.22,30.22,high,low,9,spaceship,,,29/09/2026 19:09
d70aef26-9ffd-43f8-b014-35a4c67076cf,hickman.zip,available,10.52,10.52,high,low,7,spaceship,,,28/09/2026 16:11
2baad157-19f3-4095-a36d-bf79d0871b1c,assessing.zip,available,10.52,10.52,high,low,9,spaceship,,,02/10/2026 02:39
80403866-07cb-447d-8a2e-ad9741b49fb2,gonzales.zip,available,12.98,15.88,medium,low,8,namecheap,,,27/09/2026 20:26
ea22e418-a376-4676-81a4-1e0f5eeed355,patrol.zip,premium,167.7,167.7,high,low,6,namecheap,,,25/09/2026 23:57
0383cf2c-3123-4fe6-88e2-7412b5efe30d,savvy.zip,premium,37.7,37.7,high,low,5,namecheap,,,12/09/2026 07:40
556e87e3-0ba7-43b1-b578-be15cf3fa3c2,barbell.zip,available,12.98,15.88,high,low,7,namecheap,,,22/09/2026 04:49
f74a349a-ee21-4e63-a6ad-37ff810ea2ff,vor.zip,premium,61.27,61.27,medium,low,3,spaceship,,,30/09/2026 03:38
1e25f839-7ae3-48d5-b694-4243399b411d,unsung.zip,available,12.98,15.88,medium,low,6,namecheap,,,12/09/2026 20:49
2cf2acd3-f78c-4665-9765-20dbb8b2025b,steed.zip,available,12.98,15.88,high,low,5,namecheap,,,01/10/2026 21:53
88b208ab-786a-452d-aa04-01fbc45b51ee,ocean.zip,premium,1298.7,1298.7,high,medium,5,namecheap,,,30/09/2026 06:03
7c7f4d6b-638f-45cd-9cd3-e34a4d35ab6b,bearnaise.zip,available,12.98,15.88,medium,low,9,namecheap,,,22/09/2026 21:23
f9ebd6b4-f1ab-4114-8cce-1c12fc9cdee6,comments.zip,premium,76.7,76.7,medium,low,8,namecheap,,,17/09/2026 01:39
b18d1091-7233-46b5-b9b3-7af8718e571d,sculpt.zip,premium,36.25,36.25,high,low,6,name.com,,,20/08/2026 18:43
382a0dc8-a25f-49da-b892-db25977cc834,hastily.zip,available,12.98,15.88,high,low,7,namecheap,,,14/09/2026 23:06
6091ab9f-dfcb-4432-a2ab-a57ed6f8e05b,vegetables.zip,premium,76.7,76.7,medium,low,10,namecheap,,,16/09/2026 12:36
3942c12b-96cf-40e6-a65c-8b83bbc5f717,santo.zip,premium,167.7,167.7,high,low,5,namecheap,,,25/09/2026 11:17
9d59b776-ffdc-426f-bb2d-2ab5518a3d07,someways.zip,available,12.98,15.88,medium,low,8,namecheap,,,15/09/2026 06:48
c13162df-34d8-4e43-aefb-fa746d8d1094,darwinian.zip,available,16.99,18.99,medium,low,9,name.com,,,13/08/2026 18:25
3c1dc9bf-ffb7-4481-b078-cba8be676cf4,aquatint.zip,available,12.98,15.88,medium,low,8,namecheap,,,19/09/2026 23:09
a25d57ab-1013-4a95-a60e-057031f8482e,limburg.zip,available,12.98,15.88,medium,low,7,namecheap,,,30/09/2026 23:06
a428b787-3b5c-4ca8-bf83-c419b2bafd3b,lowlife.zip,available,12.98,15.88,medium,low,7,namecheap,,,11/08/2026 09:22
42c3d07a-5081-4bcc-90d6-064eeb19f762,disheveled.zip,available,12.98,15.88,medium,low,10,namecheap,,,14/08/2026 10:56
bc43e9de-e59d-4479-9bb0-570163609c12,bicycles.zip,premium,37.7,37.7,medium,low,8,namecheap,,,18/09/2026 23:48
23266774-828a-4689-8484-d57c57594eaf,garlic.zip,premium,133.72,133.72,high,low,6,spaceship,,,28/09/2026 19:27
60611c65-18fb-4723-b1c3-e1dba863d1f8,becomes.zip,available,12.98,15.88,medium,low,7,namecheap,,,27/09/2026 10:31
ad8e139c-80ca-4776-8183-93fc44bdf453,alkali.zip,available,12.98,15.88,high,low,6,namecheap,,,18/09/2026 08:16
c14ac3c8-4b67-4b5b-9414-38814308745c,deflation.zip,available,10.81,10.81,medium,low,9,porkbun,,,29/09/2026 13:36
36d7ef7b-0d52-43d2-919c-30ae56b28790,amphibian.zip,available,12.98,15.88,high,low,9,namecheap,,,
c85f1a2c-2ac9-47ba-9cd4-e323c35b8b29,sealed.zip,premium,30.22,30.22,high,low,6,spaceship,,,27/09/2026 18:59
35f225a5-ffa8-4393-95ba-6a8d10bc2dce,injectable.zip,available,12.98,15.88,high,low,10,namecheap,,,22/08/2026 05:36
039565b0-dcab-4684-8be0-3149b24d96d6,egocentric.zip,available,12.98,15.88,medium,low,10,namecheap,,,15/08/2026 19:41
6b95de34-eea6-4e38-9162-020c0365b63d,hermon.zip,available,14,,medium,low,6,unstoppable,,,02/10/2026 10:15
7e59f231-431e-4db3-ae49-d88d2c1cc213,seizure.zip,available,10.52,10.52,medium,low,7,spaceship,,,29/09/2026 00:20
d9c6da43-7692-4091-b4ee-84ffc93df9cf,astonishing.zip,available,10.52,10.52,high,low,11,spaceship,,,29/09/2026 21:10
0866e874-0ca2-44ab-9e4d-7222224564b4,kremlin.zip,available,14,,high,low,7,unstoppable,,,01/10/2026 02:50
ce82d5b6-6086-476a-a8ee-6f46c8143eda,thrashing.zip,available,12.98,15.88,medium,low,9,namecheap,,,13/09/2026 07:54
34b4bdf3-e82a-418d-a439-623fecbf3b00,indiscreet.zip,available,12.98,15.88,medium,low,10,namecheap,,,22/08/2026 03:07
270e1e8e-0e4d-444a-a06b-ac90a3581015,lesson.zip,premium,257.92,257.92,high,low,6,spaceship,,,02/10/2026 21:45
d1a5c956-acb2-42a7-9e0d-4ff85660e642,raptor.zip,premium,76.7,76.7,high,low,6,namecheap,,,23/09/2026 20:17
e3856b73-c300-4148-bffd-1ee9aa3d9477,simon.zip,premium,623.75,623.75,high,medium,5,name.com,,,25/09/2026 07:17
cd6d2672-d2f6-4a6c-b8ec-2589692c20a3,logging.zip,premium,61.27,61.27,high,low,7,spaceship,,,29/09/2026 19:34
fec93dff-9537-4070-a9e8-8dda403a9a94,glee.zip,premium,30.22,30.22,high,medium,4,spaceship,,,29/09/2026 19:03
d99db0b5-f045-46e6-ad63-0bebb9b12a0e,hbo.zip,premium,61.27,61.27,high,medium,3,spaceship,,,02/10/2026 08:34
d12ae7cb-c2e2-47f9-a2e3-8439bff14b92,aum.zip,premium,76.7,76.7,high,low,3,namecheap,,,21/09/2026 04:10
24fc7366-ffb1-4064-99b6-1ca16528b50f,snuggery.zip,available,12.98,15.88,high,medium,8,namecheap,,,10/09/2026 12:53
e637492c-f99b-4ca8-b9e1-cab0b311e573,arouet.zip,available,12.98,15.88,medium,low,6,namecheap,,,20/09/2026 08:30
76afa87d-648c-45ac-8135-6f93f082c6dc,chaser.zip,premium,30.22,30.22,high,low,6,spaceship,,,02/10/2026 23:58
6a9c47b5-4208-4758-b69f-cd164c25b0f4,hydrophobic.zip,available,14,,medium,low,11,unstoppable,,,29/09/2026 08:39
222f1e4f-10bb-47aa-9a2a-0d362770e7d8,fourteen.zip,available,12.98,15.88,high,low,8,namecheap,,,21/09/2026 11:38
80686a00-cc37-4f35-9704-95f4e5a3a44d,squeaky.zip,available,12.98,15.88,medium,low,7,namecheap,,,10/09/2026 00:04
89ae165c-66c6-479d-82d8-8dc6921ffd36,spotting.zip,available,14,,high,low,8,unstoppable,,,30/09/2026 17:13
5ad79a8f-dabe-4f44-9373-8867522605be,stinker.zip,available,12.98,15.88,medium,low,7,namecheap,,,11/08/2026 09:15
0dfb59fa-634e-43a4-9be4-081308200a75,pam.zip,available,,,high,high,3,,,,26/09/2026 00:35
55404ae2-5619-4504-9e57-131bd4ac8636,vexatious.zip,available,,,medium,low,9,,,,
7062bb24-c91f-44c8-92e3-4487abb4aa4d,offending.zip,available,12.98,15.88,medium,low,9,namecheap,,,04/09/2026 01:28
67e42b8c-71a7-480a-9e13-011bc09c5ba9,valved.zip,available,12.98,15.88,medium,low,6,namecheap,,,13/09/2026 01:03
9a8078ea-4296-4c8e-81b4-571e69f724d2,stupendous.zip,available,12.98,15.88,high,low,10,namecheap,,,12/08/2026 18:00
0ba1f10b-feef-4221-a055-4c01d0cc587a,exhibition.zip,premium,30.22,30.22,high,low,10,spaceship,,,29/09/2026 18:34
531eb137-5221-432b-955a-ebf33af3cf50,diminuendo.zip,available,12.98,15.88,medium,low,10,namecheap,,,13/08/2026 22:19
5fc5af3d-7670-496e-8116-b1b5ba22057d,edinburgh.zip,premium,133.72,133.72,high,low,9,spaceship,,,29/09/2026 12:09
c1021844-b6b3-46d0-a6d7-02bbbc72acaf,scc.zip,premium,61.27,61.27,high,low,3,spaceship,,,30/09/2026 11:50
fa99cb39-faaa-4e6d-aab5-15f63b4100a2,anile.zip,available,12.98,15.88,medium,low,5,namecheap,,,
3198fdb2-a374-4e89-bf08-213525ab4a1b,manchuria.zip,available,10.52,10.52,medium,low,9,spaceship,,,03/10/2026 01:33
3957a18c-446c-4877-9e6f-f0cedefc084a,lorena.zip,premium,30.22,30.22,medium,low,6,spaceship,,,02/10/2026 19:42
69c14f73-e972-458f-9c63-67891c73c317,frome.zip,available,12.98,15.88,medium,low,5,namecheap,,,02/10/2026 20:20
a6fcdc61-f291-46f6-8a08-b2c96b8a459a,telltale.zip,available,12.98,15.88,high,low,8,namecheap,,,11/09/2026 10:35
82cd6a8f-af26-4fe3-8bd4-9d4cc1190ecd,affiliation.zip,available,15.88,,high,low,11,namecheap,,,
1a776608-e3b9-49c8-be7c-4e703c255ffb,rumor.zip,premium,36.25,36.25,high,low,5,name.com,,,21/08/2026 02:05
177c09b6-d70d-43e3-adb3-b378d3739099,goldsboro.zip,available,10.52,10.52,medium,low,9,spaceship,,,03/10/2026 01:00
5aab2a9e-edcb-4beb-b46c-8916e348e1a0,omnivorous.zip,available,12.98,15.88,medium,low,10,namecheap,,,04/09/2026 13:56
609276be-2ffd-4ca7-9acc-8f5fbc883ed6,carrie.zip,premium,133.72,133.72,high,low,6,spaceship,,,02/10/2026 04:14
3acda3ad-f946-40f0-acdb-a1425a22dd88,blois.zip,available,10.52,10.52,medium,low,5,spaceship,,,30/09/2026 21:55
db5549b4-7411-436a-940e-5cd152a607ec,anticipation.zip,available,10.52,10.52,high,low,12,spaceship,,,28/09/2026 22:53
63560b03-4d3a-4330-816c-e7e0c293b687,enter.zip,premium,272.35,272.35,high,low,5,porkbun,,,29/09/2026 23:59
93a29aeb-93c9-4142-8048-0c6afb26bfc6,nosey.zip,available,12.98,15.88,medium,low,5,namecheap,,,03/09/2026 21:50
29f492ee-f534-4984-b037-5e8d77d8020e,featured.zip,premium,37.7,37.7,high,low,8,namecheap,,,24/09/2026 17:26
a71a7945-bda3-418d-9e2d-7c0f56ae776d,curatorial.zip,available,12.98,15.88,high,low,10,namecheap,,,13/08/2026 11:03
54761d3c-2dab-4abd-99f4-e1603dc1d86b,casper.zip,premium,59.2,,high,low,6,unstoppable,,,29/09/2026 18:15
6c131dc2-34b4-44fe-a578-fa642306ec66,sneering.zip,available,12.98,15.88,high,medium,8,namecheap,,,10/09/2026 12:32
1f58b692-929b-4c91-a3ff-b3fc4184ee98,chthonic.zip,available,12.98,15.88,medium,low,8,namecheap,,,12/08/2026 07:28
04668476-075a-42cc-b211-c30b56765810,akha.zip,available,12.98,15.88,medium,low,4,namecheap,,,17/09/2026 23:55
f591a4b7-c347-4fbb-9790-3d4cd9410b39,amherst.zip,available,12.98,15.88,high,low,7,namecheap,,,25/09/2026 12:38
5cde85bf-afda-428d-b650-cc1dc6561578,sharpe.zip,premium,37.7,37.7,medium,low,6,namecheap,,,26/09/2026 03:16
fccfd89a-ee59-4b03-b86e-97339e7585f3,narcotic.zip,available,12.98,15.88,medium,low,8,namecheap,,,03/09/2026 13:12
2252b67e-3c88-477a-9ecb-7168d8926093,vulture.zip,premium,29.2,,high,low,7,unstoppable,,,30/09/2026 02:14
6bcfd81b-27aa-4eda-b490-1cb1ed1dd7ee,chronology.zip,available,10.81,10.81,high,low,10,porkbun,,,02/10/2026 14:38
9edf2ebd-932d-4365-8947-255c3e961833,varanasi.zip,available,14,,medium,low,8,unstoppable,,,02/10/2026 09:36
9d747f19-6860-4c02-9661-c6d8b560730f,organism.zip,available,10.52,10.52,high,low,8,spaceship,,,28/09/2026 15:00
8bb670f6-b508-4556-a756-e56531dc1e89,octet.zip,available,,,high,low,5,,,,
a0787772-92d8-433f-9dd3-cabdd0cf701f,blah.zip,premium,37.7,37.7,high,low,4,namecheap,,,24/09/2026 03:41
d877115a-a330-41c2-a69f-ec6d92dc482d,statutory.zip,available,12.98,15.88,medium,low,9,namecheap,,,10/09/2026 19:20
69c39842-a7fe-4ae8-8b6d-684c8d536803,kelso.zip,available,10.81,10.81,medium,low,5,porkbun,,,29/09/2026 22:10
10c8b4c0-aa38-4b53-9af8-df4621224bae,seaborgium.zip,available,12.98,15.88,medium,low,10,namecheap,,,20/09/2026 22:06
7126b9d0-7190-46e3-907b-ebd62e2ba35c,debased.zip,available,12.98,15.88,medium,low,7,namecheap,,,
4598e5a9-0847-4d5d-a83f-835b49a0bb6b,statistic.zip,premium,30.22,30.22,high,low,9,spaceship,,,30/09/2026 11:05
26396c0c-7f47-4f57-a2e9-56b362e65705,carpetbag.zip,available,12.98,15.88,medium,low,9,namecheap,,,11/08/2026 19:44
a6bb57a2-c62c-4133-851d-615f122d994a,crop.zip,premium,76.7,76.7,high,low,4,namecheap,,,24/09/2026 19:07
d32ac248-08c8-4b73-a1b4-9e0db22b9856,circumcision.zip,available,10.52,10.52,medium,low,12,spaceship,,,30/09/2026 14:37
8398d099-5c5b-43aa-ba57-77017deadfa8,wherever.zip,premium,37.7,37.7,medium,low,8,namecheap,,,16/09/2026 11:29
ca271bf2-e4ad-4e9a-849e-fbd04ddb416a,motivate.zip,premium,37.7,37.7,high,low,8,namecheap,,,27/09/2026 07:34
844c22d6-24a6-4360-a5ce-bad072e9814d,ordinance.zip,available,12.98,15.88,high,low,9,namecheap,,,09/09/2026 13:13
00ae7582-c444-4cea-abab-0a2d2c517f4d,cloth.zip,premium,167.7,167.7,high,low,5,namecheap,,,28/09/2026 02:26
adf6f880-7cc5-472e-9d2a-1a5bc38c7739,restaurant.zip,premium,61.27,61.27,high,low,10,spaceship,,,29/09/2026 08:14
8a55ccdb-80fc-4070-a365-42e2a8a0000a,landings.zip,available,14,,medium,low,8,unstoppable,,,30/09/2026 00:42
2c3dd01b-ffc8-4659-9056-9c18d9561cb6,chipper.zip,available,12.98,15.88,high,low,7,namecheap,,,12/08/2026 05:56
aac64a2d-0065-4b80-b61d-1e927344ee94,saratov.zip,available,10.81,10.81,medium,low,7,porkbun,,,02/10/2026 16:42
712eb9eb-cca3-43f8-8ce9-584be2e7031b,maintains.zip,available,10.81,10.81,medium,low,9,porkbun,,,30/09/2026 07:23
e1d5bcaf-5571-4ed1-aa95-95fc9c55f7a4,byrnes.zip,available,14,,medium,low,6,unstoppable,,,29/09/2026 09:19
e00df3ca-3b3f-44f7-b45e-6b1486bd2938,asbestosis.zip,available,12.98,15.88,medium,low,10,namecheap,,,20/09/2026 12:56
d61c7a69-7c3f-43ed-ac9b-487ae10f7eaf,emerging.zip,premium,73.75,73.75,high,low,8,name.com,,,16/08/2026 15:03
2af09b10-8aa3-472e-a027-54fbe1989e26,greenly.zip,available,12.98,15.88,medium,low,7,namecheap,,,14/09/2026 22:19